"ID_focal","Time","resting_behaviour","walking","foraging","labour","breastfeed"
"1",09:34:38,"FALSE","start",NA,FALSE,FALSE
"1",09:53:57,"FALSE",NA,NA,FALSE,FALSE
"1",09:54:02,"FALSE",NA,NA,FALSE,FALSE
"1",09:54:02,"FALSE","stop",NA,FALSE,FALSE
"1",09:54:02,"FALSE","start",NA,FALSE,FALSE
"1",10:05:16,"FALSE","stop",NA,FALSE,FALSE
"1",10:05:16,"FALSE","start",NA,FALSE,FALSE
"1",10:11:40,"FALSE",NA,NA,FALSE,FALSE
"1",10:11:40,"FALSE","stop",NA,FALSE,FALSE
"1",10:12:23,"FALSE","start",NA,FALSE,FALSE
"1",10:14:44,"FALSE",NA,NA,FALSE,FALSE
"1",10:15:27,"FALSE","start",NA,FALSE,FALSE
"1",10:16:23,"FALSE",NA,"start",FALSE,FALSE
"1",10:20:02,"FALSE",NA,NA,FALSE,FALSE
"1",10:21:39,"FALSE","start",NA,FALSE,FALSE
"1",10:22:26,"FALSE",NA,NA,FALSE,FALSE
"1",10:24:34,"FALSE","start","stop",FALSE,FALSE
"1",10:26:15,"FALSE","stop","start",FALSE,FALSE
"1",10:28:41,"FALSE","start","stop",FALSE,FALSE
"1",10:32:53,"FALSE","start",NA,FALSE,FALSE
"1",10:33:22,"FALSE","start",NA,FALSE,FALSE
"1",10:33:47,"FALSE",NA,NA,FALSE,FALSE
"1",10:34:45,"FALSE","start",NA,FALSE,FALSE
"1",10:34:59,"FALSE",NA,"start",FALSE,FALSE
"1",10:36:28,"FALSE",NA,NA,FALSE,FALSE
"1",10:37:44,"FALSE",NA,"stop",FALSE,FALSE
"1",10:38:13,"FALSE","start",NA,FALSE,FALSE
"1",10:38:29,"FALSE","start",NA,FALSE,FALSE
"1",10:39:01,"FALSE",NA,"start",FALSE,FALSE
"1",10:39:15,"FALSE",NA,NA,FALSE,FALSE
"1",10:41:20,"FALSE",NA,NA,FALSE,FALSE
"1",10:42:18,"FALSE",NA,"stop",FALSE,FALSE
"1",10:42:22,"FALSE","start",NA,FALSE,FALSE
"1",10:43:43,"FALSE","stop","start",FALSE,FALSE
"1",10:43:59,"FALSE",NA,NA,FALSE,FALSE
"1",10:45:15,"FALSE",NA,NA,FALSE,FALSE
"1",10:46:40,"FALSE","start","stop",FALSE,FALSE
"1",10:46:55,"FALSE","start",NA,FALSE,FALSE
"1",10:49:55,"FALSE","stop","start",FALSE,FALSE
"1",10:50:16,"FALSE",NA,NA,FALSE,FALSE
"1",10:51:56,"FALSE",NA,NA,FALSE,FALSE
"1",10:52:56,"FALSE","start","stop",FALSE,FALSE
"1",10:54:32,"FALSE","stop",NA,FALSE,FALSE
"1",10:58:01,"FALSE",NA,"start",FALSE,FALSE
"1",10:58:25,"FALSE","start","stop",FALSE,FALSE
"1",11:00:04,"FALSE","start",NA,FALSE,FALSE
"1",11:01:29,"FALSE","start",NA,FALSE,FALSE
"1",11:01:42,"FALSE","start",NA,FALSE,FALSE
"1",11:02:15,"FALSE","start",NA,FALSE,FALSE
"1",11:02:58,"FALSE",NA,"start",FALSE,FALSE
"1",11:06:44,"FALSE",NA,NA,FALSE,FALSE
"1",11:09:10,"FALSE","start","stop",FALSE,FALSE
"1",11:10:04,"FALSE","start",NA,FALSE,FALSE
"1",11:10:47,"FALSE",NA,"start",FALSE,FALSE
"1",11:11:04,"FALSE",NA,NA,FALSE,FALSE
"1",11:11:34,"FALSE",NA,NA,FALSE,FALSE
"1",11:22:49,"FALSE","start","stop",FALSE,FALSE
"1",11:23:26,"FALSE",NA,"start",FALSE,FALSE
"1",11:24:26,"FALSE",NA,NA,FALSE,FALSE
"1",11:26:13,"FALSE",NA,NA,FALSE,FALSE
"1",11:26:29,"FALSE","start","stop",FALSE,FALSE
"1",11:27:34,"FALSE",NA,"start",FALSE,FALSE
"1",11:31:01,"FALSE",NA,NA,FALSE,FALSE
"1",11:35:55,"FALSE",NA,"stop",FALSE,FALSE
"1",11:37:42,"FALSE",NA,NA,FALSE,FALSE
"1",11:43:28,"FALSE",NA,"start",FALSE,FALSE
"1",11:44:47,"FALSE","start",NA,FALSE,FALSE
"1",11:46:31,"FALSE","stop",NA,FALSE,FALSE
"1",11:49:03,"FALSE",NA,NA,FALSE,FALSE
"1",11:49:33,"FALSE",NA,NA,TRUE,FALSE
"1",11:53:25,"TRUE",NA,NA,FALSE,FALSE
"1",11:55:51,"TRUE",NA,NA,FALSE,FALSE
"1",12:02:15,"TRUE",NA,NA,FALSE,FALSE
"1",12:04:53,"TRUE",NA,NA,FALSE,FALSE
"1",12:06:59,"FALSE",NA,NA,FALSE,FALSE
"1",12:08:04,"FALSE","start",NA,FALSE,FALSE
"1",12:09:41,"FALSE","stop",NA,FALSE,FALSE
"1",12:10:07,"FALSE",NA,NA,FALSE,FALSE
"1",12:10:42,"FALSE",NA,NA,TRUE,FALSE
"1",12:11:00,"FALSE",NA,NA,FALSE,FALSE
"1",12:13:01,"FALSE",NA,NA,FALSE,FALSE
"1",12:21:37,"FALSE","start",NA,FALSE,FALSE
"1",12:26:15,"FALSE","stop",NA,FALSE,FALSE
"1",12:27:43,"FALSE","start",NA,FALSE,FALSE
"1",12:28:56,"FALSE","start",NA,FALSE,FALSE
"1",12:29:37,"FALSE",NA,NA,FALSE,FALSE
"1",12:32:23,"FALSE","start",NA,FALSE,FALSE
"1",12:34:17,"FALSE","stop",NA,FALSE,FALSE
"1",12:35:59,"FALSE","start",NA,FALSE,FALSE
"1",12:39:33,"FALSE",NA,NA,FALSE,FALSE
"1",12:41:43,"FALSE","start",NA,FALSE,FALSE
"1",12:42:08,"FALSE","stop",NA,FALSE,FALSE
"1",12:43:50,"FALSE","start",NA,FALSE,FALSE
"1",12:45:13,"FALSE","start",NA,FALSE,FALSE
"1",12:45:21,"FALSE",NA,NA,FALSE,FALSE
"1",12:47:00,"FALSE","start",NA,FALSE,FALSE
"1",12:48:57,"FALSE","start",NA,FALSE,FALSE
"1",12:49:07,"FALSE","start",NA,FALSE,FALSE
"1",12:50:09,"FALSE",NA,NA,FALSE,FALSE
"1",12:58:54,"FALSE","start","stop",FALSE,FALSE
"1",12:59:58,"FALSE","start",NA,FALSE,FALSE
"1",13:02:32,"FALSE","start",NA,FALSE,FALSE
"1",13:03:04,"FALSE",NA,NA,FALSE,FALSE
"1",13:10:44,"FALSE",NA,NA,TRUE,FALSE
"1",13:16:01,"FALSE","start",NA,FALSE,FALSE
"1",13:16:01,"FALSE","start",NA,FALSE,FALSE
"1",13:16:36,"FALSE",NA,NA,FALSE,FALSE
"1",13:20:36,"FALSE","start",NA,FALSE,FALSE
"1",13:22:08,"FALSE",NA,"start",FALSE,FALSE
"1",13:23:06,"FALSE",NA,NA,FALSE,FALSE
"1",13:29:23,"FALSE","start","stop",FALSE,FALSE
"1",13:31:02,"FALSE","stop",NA,FALSE,FALSE
"1",13:33:58,"FALSE","start",NA,FALSE,FALSE
"1",13:35:10,"FALSE","start",NA,FALSE,FALSE
"1",13:35:27,"FALSE","start",NA,FALSE,FALSE
"1",13:36:17,"FALSE",NA,"start",FALSE,FALSE
"1",13:36:52,"FALSE",NA,NA,FALSE,FALSE
"1",13:38:13,"FALSE",NA,NA,FALSE,FALSE
"1",13:40:01,"FALSE",NA,NA,FALSE,FALSE
"1",13:44:27,"FALSE",NA,NA,FALSE,FALSE
"1",13:45:23,"FALSE","start",NA,FALSE,FALSE
"1",13:49:03,"FALSE","start",NA,FALSE,FALSE
"1",13:50:30,"FALSE",NA,NA,FALSE,FALSE
"1",13:51:15,"FALSE",NA,NA,FALSE,FALSE
"1",13:55:57,"FALSE","start",NA,FALSE,FALSE
"1",13:57:06,"FALSE","stop",NA,FALSE,FALSE
"1",13:57:26,"FALSE",NA,NA,FALSE,FALSE
"1",13:58:27,"FALSE",NA,"stop",FALSE,FALSE
"1",13:59:14,"FALSE","start",NA,FALSE,FALSE
"1",14:01:45,"FALSE","stop",NA,FALSE,FALSE
"1",14:05:10,"FALSE",NA,NA,FALSE,FALSE
"1",14:06:41,"FALSE","start",NA,FALSE,FALSE
"1",14:09:54,"FALSE",NA,NA,FALSE,FALSE
"1",14:11:25,"FALSE","stop",NA,FALSE,FALSE
"1",14:14:39,"FALSE",NA,NA,FALSE,FALSE
"1",14:18:09,"FALSE","start",NA,FALSE,FALSE
"1",14:18:54,"FALSE",NA,NA,FALSE,FALSE
"1",14:20:24,"FALSE",NA,NA,FALSE,FALSE
"1",14:46:29,"FALSE","start",NA,FALSE,FALSE
"1",15:06:43,"FALSE",NA,NA,FALSE,FALSE
"1",15:12:10,"FALSE","stop",NA,FALSE,FALSE
"2",10:17:15,"FALSE","start",NA,FALSE,FALSE
"2",10:24:20,"FALSE",NA,NA,FALSE,FALSE
"2",10:25:06,"TRUE","stop",NA,FALSE,FALSE
"2",10:27:05,"FALSE","start",NA,FALSE,FALSE
"2",10:28:36,"FALSE","stop",NA,FALSE,FALSE
"2",10:28:59,"FALSE","start",NA,FALSE,FALSE
"2",10:39:24,"FALSE",NA,"start",FALSE,FALSE
"2",10:39:38,"FALSE",NA,NA,FALSE,FALSE
"2",10:40:59,"FALSE","start",NA,FALSE,FALSE
"2",10:41:29,"FALSE","start","stop",FALSE,FALSE
"2",10:42:40,"FALSE","stop","start",FALSE,FALSE
"2",10:42:56,"FALSE",NA,NA,FALSE,FALSE
"2",10:43:12,"FALSE","start","stop",FALSE,FALSE
"2",10:44:26,"FALSE","stop","start",FALSE,FALSE
"2",10:45:34,"FALSE","start","stop",FALSE,FALSE
"2",10:48:36,"FALSE","stop","start",FALSE,FALSE
"2",10:50:31,"FALSE","start","stop",FALSE,FALSE
"2",10:51:08,"FALSE","start",NA,FALSE,FALSE
"2",10:52:54,"TRUE","stop",NA,FALSE,FALSE
"2",10:55:20,"FALSE",NA,NA,FALSE,FALSE
"2",10:57:49,"FALSE","start",NA,FALSE,FALSE
"2",11:01:22,"FALSE",NA,NA,FALSE,FALSE
"2",11:04:13,"FALSE","stop","start",FALSE,FALSE
"2",11:04:36,"FALSE",NA,NA,FALSE,FALSE
"2",11:05:46,"FALSE",NA,NA,FALSE,FALSE
"2",11:06:52,"FALSE","start","stop",FALSE,FALSE
"2",11:07:49,"FALSE","stop","start",FALSE,FALSE
"2",11:08:15,"FALSE",NA,NA,FALSE,FALSE
"2",11:10:33,"FALSE","start","stop",FALSE,FALSE
"2",11:11:56,"FALSE","stop","start",FALSE,FALSE
"2",11:13:40,"FALSE",NA,NA,FALSE,FALSE
"2",11:13:57,"FALSE","start","stop",FALSE,FALSE
"2",11:15:35,"FALSE","stop","start",FALSE,FALSE
"2",11:19:16,"FALSE","start",NA,FALSE,FALSE
"2",11:19:41,"FALSE",NA,NA,FALSE,FALSE
"2",11:23:58,"FALSE",NA,NA,FALSE,FALSE
"2",11:27:38,"FALSE","start","stop",FALSE,FALSE
"2",11:29:15,"FALSE","stop","start",FALSE,FALSE
"2",11:35:24,"FALSE","start","stop",FALSE,FALSE
"2",11:35:57,"FALSE","stop","start",FALSE,FALSE
"2",11:37:54,"FALSE","start","stop",TRUE,FALSE
"2",11:39:37,"FALSE","stop","start",FALSE,FALSE
"2",11:40:15,"FALSE",NA,"stop",FALSE,TRUE
"2",11:43:05,"TRUE",NA,NA,FALSE,FALSE
"2",11:43:21,"FALSE",NA,"start",FALSE,FALSE
"2",11:46:49,"FALSE",NA,NA,FALSE,FALSE
"2",11:48:06,"FALSE","start","stop",FALSE,FALSE
"2",11:50:14,"FALSE","start",NA,FALSE,FALSE
"2",11:50:39,"FALSE","start",NA,FALSE,FALSE
"2",11:52:06,"FALSE","stop","start",FALSE,FALSE
"2",11:53:34,"FALSE",NA,NA,FALSE,FALSE
"2",11:54:16,"FALSE","start","stop",FALSE,FALSE
"2",11:54:53,"FALSE","stop","start",FALSE,FALSE
"2",11:56:54,"FALSE",NA,NA,FALSE,TRUE
"2",11:59:02,"FALSE",NA,NA,FALSE,FALSE
"2",12:00:10,"FALSE","start","stop",FALSE,FALSE
"2",12:01:28,"FALSE","stop",NA,FALSE,FALSE
"2",12:01:59,"FALSE","start",NA,FALSE,FALSE
"2",12:02:29,"FALSE","start",NA,FALSE,FALSE
"2",12:03:45,"FALSE","start","start",FALSE,FALSE
"2",12:05:20,"FALSE",NA,NA,FALSE,FALSE
"2",12:06:09,"FALSE","start","stop",FALSE,FALSE
"2",12:06:49,"FALSE","start",NA,FALSE,TRUE
"2",12:07:20,"FALSE",NA,"start",FALSE,FALSE
"2",12:08:02,"FALSE",NA,NA,FALSE,FALSE
"2",12:11:53,"FALSE","start","stop",FALSE,FALSE
"2",12:13:18,"FALSE","start","start",FALSE,FALSE
"2",12:14:41,"FALSE",NA,"stop",FALSE,FALSE
"2",12:15:10,"FALSE","start",NA,FALSE,FALSE
"2",12:19:16,"FALSE","start","start",FALSE,FALSE
"2",12:20:45,"FALSE",NA,NA,FALSE,FALSE
"2",12:22:06,"FALSE",NA,NA,FALSE,FALSE
"2",12:23:47,"FALSE","start","stop",FALSE,FALSE
"2",12:24:54,"FALSE","stop","start",FALSE,FALSE
"2",12:26:10,"FALSE",NA,"stop",FALSE,FALSE
"2",12:27:04,"FALSE",NA,"start",FALSE,FALSE
"2",12:29:12,"FALSE",NA,NA,FALSE,FALSE
"2",12:29:40,"FALSE","start",NA,FALSE,FALSE
"2",12:29:53,"FALSE","start","stop",FALSE,FALSE
"2",12:33:57,"FALSE",NA,NA,FALSE,FALSE
"2",12:37:53,"FALSE","stop",NA,TRUE,FALSE
"2",12:39:03,"FALSE",NA,"start",FALSE,FALSE
"2",12:42:10,"FALSE",NA,NA,FALSE,FALSE
"2",12:44:26,"FALSE",NA,NA,FALSE,FALSE
"2",12:45:37,"FALSE","start","stop",FALSE,FALSE
"2",12:54:29,"FALSE","stop","start",FALSE,FALSE
"2",12:56:11,"TRUE",NA,NA,FALSE,FALSE
"2",12:57:30,"FALSE",NA,NA,TRUE,FALSE
"2",13:11:26,"TRUE",NA,NA,FALSE,FALSE
"2",13:21:14,"FALSE",NA,NA,FALSE,FALSE
"2",13:23:39,"TRUE",NA,NA,FALSE,FALSE
"2",13:28:08,"FALSE",NA,NA,FALSE,FALSE
"2",13:35:09,"FALSE",NA,NA,FALSE,FALSE
"2",13:37:02,"FALSE","start",NA,FALSE,FALSE
"2",13:37:41,"FALSE","start",NA,FALSE,FALSE
"2",13:40:25,"FALSE",NA,NA,FALSE,FALSE
"2",13:43:20,"FALSE","start",NA,FALSE,FALSE
"2",13:43:54,"FALSE",NA,NA,FALSE,FALSE
"2",13:44:11,"FALSE","start",NA,FALSE,FALSE
"2",13:44:52,"FALSE","start",NA,FALSE,FALSE
"2",13:46:02,"FALSE","start",NA,FALSE,FALSE
"2",13:55:43,"FALSE","stop",NA,TRUE,FALSE
"2",13:58:41,"FALSE","start",NA,FALSE,FALSE
"2",14:00:47,"FALSE","start",NA,FALSE,FALSE
"2",14:02:47,"FALSE",NA,NA,FALSE,FALSE
"2",14:04:49,"FALSE",NA,NA,FALSE,FALSE
"2",14:08:02,"FALSE","start","stop",FALSE,FALSE
"2",14:08:43,"FALSE","stop","start",FALSE,FALSE
"2",14:10:12,"FALSE","start","stop",FALSE,FALSE
"2",14:10:55,"FALSE","stop","start",FALSE,FALSE
"2",14:18:28,"FALSE","start","stop",FALSE,FALSE
"2",14:19:19,"FALSE","stop","start",FALSE,FALSE
"2",14:24:15,"FALSE","start","stop",FALSE,FALSE
"2",14:25:17,"FALSE","stop","start",FALSE,FALSE
"2",14:30:21,"FALSE","start","stop",FALSE,FALSE
"2",14:33:22,"FALSE","start",NA,FALSE,FALSE
"2",14:34:00,"FALSE","start",NA,FALSE,FALSE
"2",14:36:00,"FALSE","stop","start",FALSE,FALSE
"2",14:36:32,"FALSE","start","stop",FALSE,FALSE
"2",14:37:55,"FALSE",NA,NA,FALSE,FALSE
"2",14:42:02,"TRUE","stop",NA,FALSE,FALSE
"2",14:43:53,"FALSE","start",NA,FALSE,FALSE
"2",14:44:35,"FALSE","start",NA,FALSE,FALSE
"2",14:46:10,"FALSE","stop",NA,TRUE,FALSE
"2",14:51:38,"FALSE",NA,NA,TRUE,FALSE
"2",14:53:26,"FALSE","start",NA,FALSE,FALSE
"2",14:56:43,"FALSE",NA,NA,FALSE,FALSE
"2",14:59:32,"TRUE","stop",NA,FALSE,FALSE
"2",15:01:24,"TRUE",NA,NA,FALSE,FALSE
"2",15:02:04,"FALSE","start",NA,FALSE,FALSE
"2",15:14:58,"FALSE",NA,NA,FALSE,FALSE
"2",15:19:28,"FALSE","stop",NA,FALSE,FALSE
"3",10:18:44,"FALSE","start",NA,FALSE,FALSE
"3",10:46:31,"FALSE",NA,NA,FALSE,FALSE
"3",10:46:55,"FALSE","stop","start",FALSE,FALSE
"3",10:57:28,"FALSE",NA,NA,FALSE,FALSE
"3",11:15:24,"FALSE","start",NA,FALSE,FALSE
"3",11:16:27,"FALSE",NA,NA,FALSE,FALSE
"3",11:30:24,"FALSE",NA,NA,FALSE,FALSE
"3",11:32:10,"FALSE","start","stop",FALSE,FALSE
"3",11:38:41,"FALSE","start","start",FALSE,FALSE
"3",11:41:04,"FALSE",NA,NA,FALSE,FALSE
"3",11:49:00,"FALSE","stop","stop",FALSE,FALSE
"3",11:52:04,"FALSE",NA,NA,FALSE,FALSE
"3",11:52:53,"FALSE",NA,NA,FALSE,TRUE
"3",11:56:18,"FALSE","start",NA,FALSE,FALSE
"3",11:57:06,"FALSE",NA,NA,FALSE,FALSE
"3",12:02:21,"FALSE","stop",NA,FALSE,FALSE
"3",12:04:52,"FALSE","start",NA,FALSE,FALSE
"3",12:09:47,"FALSE","stop",NA,FALSE,FALSE
"3",12:10:18,"FALSE",NA,NA,FALSE,FALSE
"3",12:10:56,"FALSE","start",NA,FALSE,FALSE
"3",12:15:06,"FALSE","stop",NA,FALSE,FALSE
"3",12:16:56,"FALSE","start",NA,FALSE,FALSE
"3",12:22:33,"FALSE","stop",NA,FALSE,FALSE
"3",12:43:16,"FALSE","start",NA,FALSE,FALSE
"3",12:44:31,"FALSE","start",NA,FALSE,FALSE
"3",12:45:41,"FALSE",NA,NA,FALSE,TRUE
"3",12:51:25,"FALSE","start",NA,FALSE,FALSE
"3",12:53:21,"FALSE","stop",NA,FALSE,FALSE
"3",12:54:32,"FALSE",NA,NA,FALSE,FALSE
"3",12:57:44,"FALSE",NA,"start",FALSE,FALSE
"3",13:00:25,"FALSE",NA,NA,FALSE,FALSE
"3",13:04:38,"FALSE","start",NA,FALSE,FALSE
"3",13:06:59,"FALSE",NA,NA,FALSE,FALSE
"3",13:13:35,"FALSE",NA,NA,FALSE,FALSE
"3",13:21:23,"FALSE","stop",NA,FALSE,FALSE
"3",13:22:16,"FALSE","start",NA,FALSE,FALSE
"3",13:23:00,"FALSE","stop",NA,TRUE,FALSE
"3",13:25:34,"FALSE",NA,NA,FALSE,FALSE
"3",13:26:10,"FALSE","start",NA,FALSE,FALSE
"3",13:28:04,"FALSE",NA,NA,FALSE,FALSE
"3",13:33:49,"FALSE","stop",NA,FALSE,FALSE
"4",08:50:26,"FALSE","start",NA,FALSE,FALSE
"4",08:52:54,"FALSE","stop",NA,TRUE,FALSE
"4",08:53:22,"FALSE","start",NA,FALSE,FALSE
"4",08:55:42,"FALSE",NA,NA,FALSE,FALSE
"4",09:24:01,"FALSE","stop","stop",FALSE,FALSE
"4",09:24:26,"FALSE","start","start",FALSE,FALSE
"4",09:25:53,"FALSE","start","stop",FALSE,FALSE
"4",09:26:48,"FALSE","start",NA,FALSE,FALSE
"4",09:27:57,"TRUE","start",NA,FALSE,FALSE
"4",09:30:50,"FALSE",NA,NA,FALSE,FALSE
"4",09:32:48,"TRUE",NA,NA,FALSE,FALSE
"4",09:34:44,"FALSE",NA,NA,FALSE,FALSE
"4",09:36:11,"FALSE","stop","start",FALSE,FALSE
"4",09:38:39,"FALSE","start","stop",FALSE,FALSE
"4",09:39:21,"FALSE","start",NA,FALSE,FALSE
"4",09:42:01,"FALSE",NA,NA,FALSE,FALSE
"4",09:44:20,"FALSE",NA,NA,FALSE,FALSE
"4",09:46:41,"FALSE","start",NA,FALSE,FALSE
"4",09:48:10,"FALSE",NA,NA,FALSE,FALSE
"4",09:52:56,"FALSE","stop",NA,FALSE,FALSE
"4",09:56:08,"FALSE","start",NA,FALSE,FALSE
"4",09:57:35,"FALSE","start",NA,FALSE,FALSE
"4",09:59:23,"FALSE","stop","start",FALSE,FALSE
"4",09:59:52,"TRUE",NA,"stop",FALSE,FALSE
"4",10:02:32,"FALSE",NA,NA,FALSE,TRUE
"4",10:05:04,"FALSE","start",NA,FALSE,FALSE
"4",10:08:20,"FALSE",NA,"start",FALSE,FALSE
"4",10:13:28,"FALSE","start","stop",FALSE,FALSE
"4",10:15:56,"FALSE","stop","start",FALSE,FALSE
"4",10:18:27,"FALSE",NA,NA,FALSE,FALSE
"4",10:20:47,"FALSE","start","stop",FALSE,FALSE
"4",10:21:56,"FALSE","stop",NA,FALSE,FALSE
"4",10:23:23,"FALSE","start",NA,FALSE,FALSE
"4",10:26:09,"FALSE","stop","start",FALSE,FALSE
"4",10:28:24,"FALSE","start","stop",FALSE,FALSE
"4",10:31:26,"FALSE","start","start",FALSE,FALSE
"4",10:32:35,"FALSE",NA,"stop",FALSE,FALSE
"4",10:32:53,"FALSE","start",NA,FALSE,FALSE
"4",10:36:02,"TRUE","stop",NA,FALSE,FALSE
"4",10:36:39,"TRUE",NA,NA,FALSE,FALSE
"4",10:37:25,"FALSE",NA,NA,FALSE,TRUE
"4",10:38:46,"FALSE",NA,NA,FALSE,FALSE
"4",10:39:21,"FALSE","start",NA,FALSE,FALSE
"4",10:56:04,"FALSE","start",NA,FALSE,FALSE
"4",10:57:53,"FALSE","start",NA,FALSE,FALSE
"4",10:59:25,"FALSE","stop","start",FALSE,FALSE
"4",11:01:23,"FALSE",NA,NA,FALSE,FALSE
"4",11:02:53,"FALSE",NA,NA,FALSE,FALSE
"4",11:05:25,"FALSE","start","stop",FALSE,FALSE
"4",11:06:03,"FALSE","stop","start",FALSE,FALSE
"4",11:06:27,"FALSE","start","stop",FALSE,FALSE
"4",11:08:22,"FALSE","stop","start",FALSE,FALSE
"4",11:09:58,"FALSE","start","stop",FALSE,FALSE
"4",11:11:02,"FALSE","stop","start",FALSE,FALSE
"4",11:11:36,"FALSE",NA,NA,FALSE,FALSE
"4",11:13:36,"FALSE","start","stop",FALSE,FALSE
"4",11:15:33,"TRUE","stop",NA,FALSE,FALSE
"4",11:31:09,"TRUE",NA,NA,FALSE,FALSE
"4",11:42:42,"FALSE","start",NA,FALSE,FALSE
"4",11:44:43,"FALSE","stop",NA,TRUE,FALSE
"4",11:45:09,"FALSE","start",NA,FALSE,FALSE
"4",11:51:19,"TRUE","stop",NA,TRUE,TRUE
"4",11:51:53,"FALSE","start",NA,FALSE,FALSE
"4",11:52:46,"FALSE","stop","start",FALSE,FALSE
"4",11:54:35,"FALSE","start","stop",FALSE,FALSE
"4",11:57:15,"FALSE","stop","start",FALSE,FALSE
"4",11:57:33,"FALSE",NA,NA,FALSE,FALSE
"4",12:01:33,"FALSE","start","stop",FALSE,FALSE
"4",12:02:37,"FALSE","start",NA,FALSE,FALSE
"4",12:05:03,"FALSE",NA,NA,FALSE,FALSE
"4",12:06:58,"FALSE","stop","start",FALSE,FALSE
"4",12:09:00,"FALSE","start","stop",FALSE,FALSE
"4",12:21:24,"FALSE","start",NA,FALSE,FALSE
"4",12:22:28,"FALSE","start",NA,FALSE,FALSE
"4",12:23:41,"FALSE","stop",NA,TRUE,FALSE
"4",12:23:55,"TRUE",NA,NA,FALSE,FALSE
"4",12:24:51,"TRUE",NA,NA,FALSE,FALSE
"4",12:28:59,"FALSE",NA,NA,FALSE,TRUE
"4",12:29:38,"FALSE",NA,NA,FALSE,FALSE
"4",12:30:19,"TRUE",NA,NA,FALSE,TRUE
"4",12:33:24,"TRUE",NA,NA,FALSE,FALSE
"4",12:33:55,"FALSE","start",NA,FALSE,FALSE
"4",12:35:39,"FALSE","start",NA,FALSE,FALSE
"4",12:49:52,"TRUE","stop",NA,FALSE,TRUE
"4",12:52:59,"FALSE",NA,NA,FALSE,FALSE
"4",12:56:51,"FALSE","start",NA,FALSE,FALSE
"4",13:05:54,"FALSE","start","start",FALSE,FALSE
"4",13:07:02,"FALSE",NA,"stop",FALSE,FALSE
"4",13:07:27,"FALSE",NA,NA,FALSE,FALSE
"4",13:09:06,"FALSE","start",NA,FALSE,FALSE
"4",13:10:39,"FALSE",NA,NA,FALSE,FALSE
"4",13:17:07,"FALSE",NA,"start",FALSE,FALSE
"4",13:22:11,"FALSE",NA,NA,FALSE,FALSE
"4",13:22:51,"FALSE",NA,NA,FALSE,FALSE
"4",13:27:19,"FALSE",NA,NA,FALSE,FALSE
"4",13:27:51,"FALSE",NA,"stop",TRUE,FALSE
"4",13:29:09,"FALSE","start",NA,FALSE,FALSE
"4",13:29:55,"FALSE",NA,NA,TRUE,FALSE
"4",13:30:25,"FALSE",NA,NA,FALSE,FALSE
"4",13:31:51,"FALSE","start",NA,FALSE,FALSE
"4",13:41:28,"FALSE","start",NA,FALSE,FALSE
"4",13:44:02,"FALSE","start",NA,FALSE,FALSE
"4",13:45:52,"FALSE",NA,"start",FALSE,FALSE
"4",13:47:16,"FALSE",NA,NA,FALSE,FALSE
"4",13:48:10,"FALSE","start","stop",FALSE,FALSE
"4",14:00:23,"FALSE","stop","start",FALSE,FALSE
"4",14:00:54,"FALSE","start","stop",FALSE,FALSE
"4",14:02:30,"FALSE","stop",NA,TRUE,FALSE
"4",14:03:05,"FALSE",NA,NA,FALSE,TRUE
"4",14:07:30,"FALSE",NA,NA,FALSE,FALSE
"4",14:21:55,"TRUE",NA,NA,FALSE,TRUE
"4",14:25:24,"FALSE",NA,NA,FALSE,FALSE
"4",14:29:58,"FALSE",NA,NA,FALSE,FALSE
"4",14:30:42,"FALSE","start",NA,FALSE,FALSE
"4",14:34:34,"FALSE","start",NA,FALSE,FALSE
"4",14:46:53,"TRUE","stop",NA,FALSE,TRUE
"4",14:48:33,"FALSE",NA,NA,FALSE,FALSE
"4",14:49:20,"FALSE","start",NA,FALSE,FALSE
"4",14:54:10,"FALSE","start",NA,FALSE,FALSE
"4",14:54:37,"FALSE","start",NA,FALSE,FALSE
"4",14:56:28,"FALSE","stop","start",FALSE,FALSE
"4",15:05:19,"FALSE","start","stop",FALSE,FALSE
"4",15:06:56,"FALSE","stop","start",FALSE,FALSE
"4",15:08:59,"FALSE","start","stop",FALSE,FALSE
"4",15:09:31,"FALSE","stop","start",FALSE,FALSE
"4",15:10:17,"FALSE","start","stop",FALSE,FALSE
"4",15:18:15,"FALSE","stop","start",FALSE,FALSE
"4",15:19:28,"FALSE","start","stop",FALSE,FALSE
"4",15:25:19,"FALSE","stop","start",FALSE,FALSE
"4",15:27:03,"FALSE","start","stop",FALSE,FALSE
"4",15:35:13,"FALSE","stop","start",FALSE,FALSE
"4",15:36:42,"FALSE","start","stop",FALSE,FALSE
"4",15:37:08,"FALSE","stop","start",FALSE,FALSE
"4",15:38:34,"FALSE","start","stop",FALSE,FALSE
"4",15:39:47,"FALSE","stop","start",FALSE,FALSE
"4",15:40:01,"FALSE",NA,NA,FALSE,FALSE
"4",15:41:44,"FALSE","start","stop",FALSE,FALSE
"4",15:43:49,"FALSE",NA,"start",FALSE,FALSE
"4",15:45:11,"FALSE","start","stop",FALSE,FALSE
"4",15:46:18,"FALSE",NA,"start",FALSE,FALSE
"4",15:46:57,"FALSE","start","stop",FALSE,FALSE
"4",15:48:01,"FALSE",NA,NA,FALSE,FALSE
"4",15:48:18,"FALSE",NA,NA,FALSE,FALSE
"4",15:52:23,"FALSE",NA,NA,TRUE,FALSE
"4",15:56:05,"FALSE","start",NA,FALSE,FALSE
"4",15:58:04,"FALSE","stop",NA,FALSE,TRUE
"4",15:59:31,"FALSE","start",NA,FALSE,FALSE
"4",16:00:51,"FALSE",NA,NA,FALSE,FALSE
"4",16:01:32,"FALSE","stop","start",FALSE,FALSE
"4",16:03:37,"FALSE","start",NA,FALSE,FALSE
"4",16:06:03,"FALSE","stop",NA,TRUE,FALSE
"4",16:17:42,"FALSE","start",NA,FALSE,FALSE
"4",16:21:41,"TRUE","stop",NA,FALSE,FALSE
"4",16:29:57,"FALSE",NA,NA,FALSE,FALSE
"4",16:31:36,"FALSE","start",NA,FALSE,FALSE
"4",16:34:52,"TRUE","stop",NA,FALSE,FALSE
"4",16:36:05,"FALSE","start",NA,FALSE,FALSE
"4",16:38:01,"FALSE",NA,NA,FALSE,FALSE
"4",16:41:14,"FALSE","stop",NA,FALSE,FALSE
"4",16:41:52,"FALSE","start","stop",FALSE,FALSE
"4",16:44:03,"TRUE",NA,NA,FALSE,FALSE
"4",16:44:46,"FALSE",NA,NA,FALSE,FALSE
"4",16:50:27,"TRUE",NA,NA,FALSE,FALSE
"4",16:52:32,"TRUE","stop",NA,FALSE,FALSE
"4",16:52:45,"FALSE","start",NA,FALSE,FALSE
"4",16:53:02,"FALSE","stop",NA,FALSE,FALSE
"4",16:54:13,"FALSE",NA,NA,FALSE,FALSE
"4",16:54:26,"TRUE",NA,NA,FALSE,FALSE
"4",16:56:53,"FALSE",NA,NA,FALSE,FALSE
"4",17:00:13,"FALSE",NA,NA,FALSE,FALSE
"4",17:00:41,"FALSE","start",NA,FALSE,FALSE
"4",17:01:21,"FALSE","stop",NA,TRUE,FALSE
"4",17:07:23,"FALSE",NA,"start",FALSE,FALSE
"4",17:07:38,"FALSE","start",NA,FALSE,FALSE
"4",17:21:46,"FALSE",NA,NA,FALSE,FALSE
"4",17:23:19,"FALSE","stop",NA,FALSE,FALSE
"5",13:42:08,"FALSE","start",NA,FALSE,FALSE
"5",13:51:39,"FALSE","stop",NA,FALSE,FALSE
"5",13:54:03,"FALSE",NA,NA,FALSE,TRUE
"5",13:55:57,"FALSE","start",NA,FALSE,FALSE
"5",13:57:09,"FALSE",NA,NA,FALSE,FALSE
"5",13:59:32,"FALSE",NA,NA,FALSE,FALSE
"5",14:00:19,"FALSE",NA,NA,FALSE,FALSE
"5",14:00:53,"FALSE","stop",NA,FALSE,FALSE
"5",14:02:28,"FALSE",NA,NA,FALSE,TRUE
"5",14:09:47,"TRUE",NA,NA,FALSE,FALSE
"5",14:12:21,"TRUE",NA,NA,FALSE,FALSE
"5",14:16:04,"TRUE",NA,NA,FALSE,FALSE
"5",14:22:14,"FALSE",NA,NA,FALSE,FALSE
"5",14:35:41,"FALSE",NA,NA,FALSE,FALSE
"5",14:37:00,"TRUE",NA,NA,FALSE,TRUE
"5",14:38:52,"FALSE",NA,NA,FALSE,FALSE
"5",14:40:41,"FALSE","start",NA,FALSE,FALSE
"5",14:42:45,"FALSE","stop",NA,FALSE,FALSE
"5",14:43:59,"TRUE",NA,NA,FALSE,FALSE
"5",14:45:11,"TRUE",NA,NA,FALSE,TRUE
"5",14:50:44,"FALSE",NA,NA,FALSE,FALSE
"5",14:57:48,"FALSE",NA,NA,FALSE,TRUE
"5",15:12:55,"FALSE",NA,NA,FALSE,FALSE
"5",15:19:25,"TRUE",NA,NA,FALSE,FALSE
"5",15:20:39,"FALSE",NA,NA,FALSE,FALSE
"5",15:20:58,"FALSE",NA,NA,TRUE,FALSE
"5",15:21:42,"FALSE",NA,NA,TRUE,FALSE
"5",15:22:06,"FALSE","start",NA,FALSE,FALSE
"5",15:22:32,"FALSE","stop",NA,FALSE,FALSE
"5",15:30:05,"FALSE",NA,NA,FALSE,TRUE
"5",15:32:05,"FALSE",NA,NA,FALSE,FALSE
"5",15:32:51,"FALSE",NA,"start",FALSE,FALSE
"5",15:36:36,"FALSE",NA,NA,FALSE,FALSE
"5",15:42:23,"FALSE",NA,NA,FALSE,FALSE
"5",15:42:26,"FALSE",NA,"stop",FALSE,FALSE
"5",15:42:43,"FALSE",NA,"start",FALSE,FALSE
"5",15:43:54,"FALSE",NA,"stop",FALSE,FALSE
"5",15:45:36,"FALSE",NA,NA,TRUE,FALSE
"5",15:46:51,"FALSE",NA,NA,FALSE,FALSE
"5",15:47:19,"FALSE","start",NA,FALSE,FALSE
"5",15:47:52,"FALSE","stop","start",FALSE,FALSE
"5",15:49:23,"FALSE",NA,"stop",TRUE,FALSE
"5",15:50:15,"FALSE",NA,NA,FALSE,FALSE
"5",15:50:35,"FALSE","start",NA,FALSE,FALSE
"5",15:51:35,"FALSE",NA,NA,FALSE,FALSE
"5",15:51:55,"FALSE","stop",NA,FALSE,FALSE
"5",15:52:23,"FALSE","start",NA,FALSE,FALSE
"5",15:53:53,"FALSE",NA,"start",FALSE,FALSE
"5",15:55:55,"FALSE",NA,NA,TRUE,FALSE
"5",15:57:25,"FALSE",NA,NA,FALSE,FALSE
"5",15:58:51,"FALSE",NA,"stop",FALSE,FALSE
"5",15:58:57,"FALSE",NA,"start",FALSE,FALSE
"5",16:01:19,"FALSE",NA,"stop",FALSE,FALSE
"5",16:02:03,"FALSE",NA,"start",FALSE,FALSE
"5",16:04:30,"FALSE",NA,"stop",FALSE,FALSE
"5",16:04:49,"FALSE",NA,NA,TRUE,FALSE
"5",16:05:28,"FALSE",NA,NA,FALSE,FALSE
"5",16:06:30,"FALSE","start",NA,FALSE,FALSE
"5",16:18:30,"FALSE","stop",NA,FALSE,FALSE
"6",08:47:52,"FALSE","start",NA,FALSE,FALSE
"6",08:49:32,"FALSE",NA,NA,FALSE,FALSE
"6",09:00:27,"TRUE","stop",NA,FALSE,FALSE
"6",09:05:21,"FALSE","start",NA,FALSE,FALSE
"6",09:18:14,"FALSE","stop","start",FALSE,FALSE
"6",09:18:49,"FALSE","start","stop",FALSE,FALSE
"6",09:20:25,"FALSE",NA,NA,FALSE,FALSE
"6",09:23:34,"FALSE","start",NA,FALSE,FALSE
"6",09:24:01,"FALSE","start",NA,FALSE,FALSE
"6",09:25:49,"FALSE","start",NA,FALSE,FALSE
"6",09:29:31,"FALSE","start",NA,FALSE,FALSE
"6",09:30:32,"FALSE","stop","start",FALSE,FALSE
"6",09:33:44,"FALSE","start","stop",FALSE,FALSE
"6",09:37:25,"FALSE","stop","start",FALSE,FALSE
"6",09:39:00,"FALSE",NA,"stop",FALSE,TRUE
"6",09:42:20,"FALSE",NA,NA,FALSE,FALSE
"6",09:47:51,"FALSE",NA,NA,FALSE,FALSE
"6",09:48:13,"FALSE","start",NA,FALSE,FALSE
"6",09:50:08,"FALSE","stop",NA,FALSE,FALSE
"6",09:51:06,"FALSE","start",NA,FALSE,FALSE
"6",09:51:28,"FALSE","stop",NA,FALSE,FALSE
"6",09:51:50,"FALSE",NA,NA,FALSE,FALSE
"6",09:52:31,"FALSE","start",NA,FALSE,FALSE
"6",09:54:50,"FALSE","stop","start",FALSE,FALSE
"6",09:56:44,"FALSE","start","stop",FALSE,FALSE
"6",09:57:11,"FALSE","stop","start",FALSE,FALSE
"6",09:58:18,"FALSE","start","stop",FALSE,FALSE
"6",09:58:29,"FALSE",NA,"start",FALSE,FALSE
"6",09:58:58,"TRUE",NA,"stop",FALSE,FALSE
"6",09:59:18,"FALSE",NA,"start",FALSE,FALSE
"6",10:00:00,"FALSE","start","stop",FALSE,FALSE
"6",10:01:10,"FALSE","stop",NA,FALSE,TRUE
"6",10:02:57,"FALSE","start",NA,FALSE,FALSE
"6",10:03:45,"FALSE","stop",NA,FALSE,FALSE
"6",10:05:00,"FALSE",NA,NA,TRUE,FALSE
"6",10:08:58,"FALSE",NA,NA,TRUE,FALSE
"6",10:12:03,"TRUE",NA,NA,TRUE,FALSE
"6",10:18:49,"FALSE",NA,NA,TRUE,FALSE
"6",10:19:54,"FALSE","start",NA,FALSE,FALSE
"6",10:21:43,"FALSE","stop",NA,TRUE,FALSE
"6",10:23:19,"FALSE",NA,NA,TRUE,FALSE
"6",10:28:00,"FALSE","start",NA,FALSE,FALSE
"6",10:28:47,"FALSE","stop",NA,TRUE,FALSE
"6",10:39:00,"FALSE","start",NA,FALSE,FALSE
"6",10:53:43,"FALSE","stop",NA,TRUE,FALSE
"6",10:53:51,"FALSE","start",NA,FALSE,FALSE
"6",10:56:43,"FALSE","start",NA,FALSE,FALSE
"6",10:57:36,"FALSE","start",NA,FALSE,FALSE
"6",11:05:51,"FALSE",NA,NA,FALSE,FALSE
"6",11:13:07,"FALSE",NA,NA,FALSE,FALSE
"6",11:13:45,"FALSE",NA,NA,FALSE,FALSE
"6",11:16:08,"FALSE",NA,NA,FALSE,FALSE
"6",11:16:43,"FALSE",NA,NA,FALSE,FALSE
"6",11:17:00,"FALSE",NA,NA,FALSE,FALSE
"6",11:20:01,"FALSE","stop",NA,FALSE,FALSE
"6",11:23:30,"FALSE","start",NA,FALSE,FALSE
"6",11:30:56,"FALSE","start",NA,FALSE,FALSE
"6",11:32:59,"FALSE",NA,"start",FALSE,FALSE
"6",11:33:56,"FALSE",NA,NA,FALSE,FALSE
"6",11:34:42,"FALSE",NA,NA,FALSE,FALSE
"6",11:37:46,"FALSE","start","stop",FALSE,FALSE
"6",11:38:58,"FALSE",NA,NA,FALSE,FALSE
"6",11:39:48,"FALSE","stop","start",FALSE,FALSE
"6",11:41:04,"FALSE","start","stop",FALSE,FALSE
"6",11:41:12,"FALSE","stop","start",FALSE,FALSE
"6",11:41:48,"FALSE","start","stop",FALSE,FALSE
"6",11:43:36,"FALSE","stop","start",FALSE,FALSE
"6",11:47:29,"FALSE","start","stop",FALSE,FALSE
"6",11:50:37,"FALSE","stop","start",FALSE,FALSE
"6",11:58:19,"FALSE","start","stop",FALSE,FALSE
"6",11:59:24,"FALSE","stop",NA,FALSE,TRUE
"6",12:01:44,"FALSE","start",NA,FALSE,FALSE
"6",12:04:01,"FALSE","stop",NA,FALSE,FALSE
"6",12:04:36,"FALSE",NA,NA,TRUE,FALSE
"6",12:05:56,"FALSE",NA,NA,FALSE,TRUE
"6",12:06:42,"FALSE",NA,NA,FALSE,FALSE
"6",12:08:56,"FALSE","start","start",FALSE,FALSE
"6",12:09:36,"FALSE",NA,NA,FALSE,FALSE
"6",12:12:49,"FALSE","start","stop",FALSE,FALSE
"6",12:14:05,"FALSE","start",NA,FALSE,FALSE
"6",12:14:47,"FALSE",NA,"start",FALSE,FALSE
"6",12:27:33,"FALSE",NA,NA,FALSE,FALSE
"6",12:30:06,"FALSE","start","stop",FALSE,FALSE
"6",12:30:24,"TRUE","stop",NA,TRUE,FALSE
"6",12:31:01,"FALSE",NA,NA,FALSE,TRUE
"6",12:35:15,"FALSE",NA,NA,TRUE,FALSE
"6",12:35:49,"FALSE","start",NA,FALSE,FALSE
"6",12:37:45,"FALSE","stop","start",FALSE,FALSE
"6",13:00:28,"FALSE",NA,NA,FALSE,FALSE
"6",13:35:34,"FALSE","start","stop",FALSE,FALSE
"6",13:36:39,"FALSE","start",NA,FALSE,FALSE
"6",13:37:37,"FALSE","stop","start",FALSE,FALSE
"6",13:38:31,"FALSE",NA,NA,FALSE,FALSE
"6",14:07:07,"FALSE",NA,NA,FALSE,FALSE
"6",14:18:40,"FALSE",NA,"stop",TRUE,FALSE
"6",14:19:31,"TRUE",NA,NA,FALSE,TRUE
"6",14:31:04,"TRUE",NA,NA,FALSE,FALSE
"6",14:37:12,"FALSE",NA,NA,TRUE,FALSE
"6",14:37:50,"FALSE","start","start",FALSE,FALSE
"6",14:40:06,"FALSE","stop","stop",TRUE,FALSE
"6",14:42:45,"FALSE",NA,"start",FALSE,FALSE
"6",14:55:00,"FALSE",NA,NA,FALSE,FALSE
"6",15:38:27,"FALSE",NA,NA,FALSE,FALSE
"6",16:10:01,"FALSE",NA,NA,FALSE,FALSE
"6",16:12:01,"FALSE",NA,"stop",FALSE,FALSE
"6",16:13:06,"FALSE","start","start",FALSE,FALSE
"6",16:14:07,"FALSE","stop","stop",TRUE,FALSE
"6",16:17:07,"FALSE","start",NA,FALSE,FALSE
"6",16:18:04,"FALSE","stop",NA,TRUE,FALSE
"6",16:18:15,"FALSE","start",NA,FALSE,FALSE
"6",16:21:46,"FALSE","stop",NA,TRUE,FALSE
"6",16:22:32,"FALSE","start",NA,FALSE,FALSE
"6",16:23:43,"FALSE","stop","start",TRUE,FALSE
"6",16:24:53,"FALSE","start","stop",FALSE,FALSE
"6",16:31:09,"FALSE","stop",NA,TRUE,FALSE
"6",16:35:05,"FALSE","start",NA,FALSE,FALSE
"6",16:43:47,"TRUE","stop",NA,FALSE,FALSE
"6",16:47:53,"FALSE","start",NA,FALSE,FALSE
"6",16:50:51,"FALSE",NA,NA,FALSE,FALSE
"6",17:04:16,"FALSE",NA,NA,FALSE,FALSE
"6",17:08:34,"FALSE","stop",NA,TRUE,FALSE
"6",17:08:49,"FALSE","start",NA,FALSE,FALSE
"6",17:11:14,"FALSE",NA,"start",FALSE,FALSE
"6",17:24:04,"FALSE",NA,"stop",FALSE,FALSE
"6",17:25:30,"FALSE","stop",NA,TRUE,FALSE
"6",17:26:12,"FALSE","start",NA,FALSE,FALSE
"6",17:29:51,"FALSE","stop",NA,TRUE,FALSE
"6",17:32:08,"FALSE","start",NA,FALSE,FALSE
"6",17:38:05,"FALSE",NA,NA,FALSE,FALSE
"6",17:45:39,"TRUE","stop",NA,FALSE,FALSE
"6",17:47:01,"TRUE",NA,NA,FALSE,FALSE
"6",17:48:10,"FALSE","start",NA,FALSE,FALSE
"6",18:19:40,"FALSE","stop",NA,FALSE,FALSE
"7",11:35:47,"FALSE","start",NA,FALSE,FALSE
"7",11:38:05,"FALSE",NA,NA,FALSE,FALSE
"7",11:50:43,"FALSE",NA,NA,FALSE,FALSE
"7",12:02:22,"FALSE",NA,NA,FALSE,FALSE
"7",12:05:01,"FALSE",NA,NA,FALSE,FALSE
"7",12:06:17,"FALSE",NA,NA,FALSE,FALSE
"7",12:07:31,"FALSE","start",NA,FALSE,FALSE
"7",12:09:31,"FALSE","start",NA,FALSE,FALSE
"7",12:10:07,"FALSE",NA,"start",FALSE,FALSE
"7",12:13:44,"FALSE",NA,NA,FALSE,FALSE
"7",12:14:33,"FALSE",NA,"stop",TRUE,FALSE
"7",12:16:23,"FALSE",NA,"start",FALSE,FALSE
"7",12:17:04,"FALSE","start","stop",FALSE,FALSE
"7",12:18:50,"FALSE","stop","start",FALSE,FALSE
"7",12:19:40,"FALSE","start","stop",FALSE,FALSE
"7",12:20:03,"FALSE","start",NA,FALSE,FALSE
"7",12:21:13,"FALSE","start",NA,FALSE,FALSE
"7",12:23:27,"FALSE","stop","start",FALSE,FALSE
"7",12:24:07,"FALSE",NA,NA,FALSE,FALSE
"7",12:24:43,"FALSE","start","stop",FALSE,FALSE
"7",12:26:59,"FALSE",NA,NA,FALSE,FALSE
"7",12:27:18,"FALSE","start",NA,FALSE,FALSE
"7",12:32:19,"FALSE","stop","start",FALSE,FALSE
"7",12:36:35,"FALSE","start","stop",FALSE,FALSE
"7",12:37:02,"FALSE","stop","start",FALSE,FALSE
"7",12:38:52,"FALSE",NA,NA,FALSE,FALSE
"7",12:45:07,"FALSE","start","stop",FALSE,FALSE
"7",12:45:23,"FALSE","stop","start",FALSE,FALSE
"7",12:45:40,"FALSE",NA,NA,FALSE,FALSE
"7",12:54:53,"FALSE",NA,"stop",TRUE,FALSE
"7",12:55:15,"FALSE",NA,"start",FALSE,FALSE
"7",12:57:00,"FALSE",NA,"stop",FALSE,TRUE
"7",12:59:29,"FALSE",NA,"start",FALSE,FALSE
"7",13:02:53,"FALSE",NA,"stop",FALSE,FALSE
"7",13:04:33,"FALSE",NA,"start",FALSE,FALSE
"7",13:06:06,"FALSE",NA,"stop",TRUE,FALSE
"7",13:07:17,"FALSE","start",NA,FALSE,FALSE
"7",13:08:26,"FALSE","stop","start",FALSE,FALSE
"7",13:09:08,"FALSE","start","stop",FALSE,FALSE
"7",13:10:46,"FALSE","stop","start",FALSE,FALSE
"7",13:13:30,"FALSE","start","stop",FALSE,FALSE
"7",13:22:52,"FALSE","stop","start",FALSE,FALSE
"7",13:25:03,"FALSE","start","stop",FALSE,FALSE
"7",13:25:47,"FALSE","stop","start",FALSE,FALSE
"7",13:26:27,"FALSE","start","stop",FALSE,FALSE
"7",13:27:23,"FALSE","start",NA,FALSE,FALSE
"7",13:27:43,"FALSE","start",NA,FALSE,FALSE
"7",13:29:56,"FALSE","start",NA,FALSE,FALSE
"7",13:31:40,"FALSE","stop","start",FALSE,FALSE
"7",13:34:12,"FALSE","start","stop",FALSE,FALSE
"7",13:43:57,"FALSE","stop","start",FALSE,FALSE
"7",13:50:39,"FALSE","start","stop",FALSE,FALSE
"7",13:51:49,"FALSE","stop","start",FALSE,FALSE
"7",13:55:11,"FALSE",NA,NA,FALSE,FALSE
"7",13:57:45,"FALSE",NA,"stop",TRUE,FALSE
"7",13:58:05,"FALSE","start",NA,FALSE,FALSE
"7",14:08:14,"FALSE","stop",NA,TRUE,FALSE
"7",14:10:18,"FALSE","start",NA,FALSE,FALSE
"7",14:13:44,"FALSE","start","start",FALSE,FALSE
"7",14:15:06,"FALSE","start","stop",FALSE,FALSE
"7",14:16:42,"FALSE","start",NA,FALSE,FALSE
"7",14:17:12,"FALSE","stop","start",FALSE,FALSE
"7",14:18:13,"FALSE","start","stop",FALSE,FALSE
"7",14:25:11,"FALSE","stop","start",FALSE,FALSE
"7",14:31:32,"FALSE","start","stop",FALSE,FALSE
"7",14:32:42,"FALSE","stop",NA,TRUE,FALSE
"7",14:33:25,"FALSE","start",NA,FALSE,FALSE
"7",14:33:43,"FALSE","start",NA,FALSE,FALSE
"7",14:34:11,"FALSE","start","start",FALSE,FALSE
"7",14:36:18,"FALSE",NA,NA,FALSE,FALSE
"7",14:37:48,"FALSE","start","stop",FALSE,FALSE
"7",14:38:41,"FALSE","stop",NA,TRUE,FALSE
"7",14:40:11,"FALSE","start","start",FALSE,FALSE
"7",14:43:23,"FALSE","start","stop",FALSE,FALSE
"7",14:44:01,"FALSE","start",NA,FALSE,FALSE
"7",14:45:08,"FALSE","start",NA,FALSE,FALSE
"7",14:47:06,"FALSE","stop","start",FALSE,FALSE
"7",14:49:19,"FALSE","start","stop",FALSE,FALSE
"7",14:50:35,"FALSE",NA,"start",FALSE,FALSE
"7",14:51:00,"FALSE","stop","stop",TRUE,FALSE
"7",14:51:22,"FALSE","start",NA,FALSE,FALSE
"7",14:54:26,"FALSE","stop",NA,TRUE,FALSE
"7",14:55:41,"FALSE",NA,NA,TRUE,TRUE
"7",15:04:19,"FALSE","start",NA,FALSE,FALSE
"7",15:06:06,"FALSE","start",NA,FALSE,FALSE
"7",15:08:06,"FALSE","start",NA,FALSE,FALSE
"7",15:09:31,"TRUE","start",NA,FALSE,FALSE
"7",15:12:12,"FALSE","stop",NA,FALSE,FALSE
"7",15:14:51,"FALSE","start",NA,FALSE,FALSE
"7",15:15:15,"TRUE","stop",NA,FALSE,FALSE
"7",15:15:37,"FALSE","start",NA,FALSE,FALSE
"7",15:16:32,"FALSE",NA,NA,FALSE,FALSE
"7",15:18:21,"FALSE","stop","start",FALSE,FALSE
"7",15:19:23,"FALSE","start","stop",FALSE,FALSE
"7",15:20:45,"FALSE",NA,NA,FALSE,FALSE
"7",15:24:23,"FALSE",NA,NA,FALSE,FALSE
"7",15:25:53,"FALSE","start",NA,FALSE,FALSE
"7",15:26:54,"FALSE","start",NA,FALSE,FALSE
"7",15:28:37,"FALSE","start","start",FALSE,FALSE
"7",15:30:27,"FALSE",NA,"stop",TRUE,FALSE
"7",15:31:31,"FALSE","start",NA,FALSE,FALSE
"7",15:35:23,"FALSE","stop","start",FALSE,FALSE
"7",15:36:29,"FALSE",NA,NA,FALSE,FALSE
"7",15:38:07,"FALSE",NA,NA,FALSE,FALSE
"7",15:40:14,"FALSE",NA,NA,FALSE,FALSE
"7",15:41:47,"FALSE","start","stop",FALSE,FALSE
"7",15:42:34,"FALSE","stop","start",FALSE,FALSE
"7",15:43:07,"FALSE","start","stop",FALSE,FALSE
"7",15:45:05,"FALSE","stop","start",FALSE,FALSE
"7",15:45:44,"FALSE","start","stop",FALSE,FALSE
"7",15:46:26,"FALSE","start","start",FALSE,FALSE
"7",15:48:01,"FALSE",NA,NA,FALSE,TRUE
"7",15:49:39,"FALSE",NA,NA,FALSE,FALSE
"7",15:51:21,"FALSE","start","stop",FALSE,FALSE
"7",15:57:39,"FALSE",NA,NA,FALSE,FALSE
"7",15:58:48,"FALSE",NA,NA,FALSE,FALSE
"7",16:02:42,"FALSE","start",NA,FALSE,FALSE
"7",16:04:07,"TRUE",NA,NA,FALSE,FALSE
"7",16:14:09,"FALSE",NA,"start",FALSE,FALSE
"7",16:19:06,"TRUE",NA,NA,FALSE,FALSE
"7",16:20:54,"TRUE",NA,NA,FALSE,FALSE
"7",16:23:59,"FALSE","start","stop",FALSE,FALSE
"7",16:36:27,"FALSE",NA,NA,FALSE,FALSE
"7",16:38:12,"FALSE",NA,NA,TRUE,FALSE
"7",16:42:16,"FALSE","stop",NA,TRUE,FALSE
"7",16:42:44,"FALSE","start",NA,FALSE,FALSE
"7",16:44:58,"FALSE",NA,NA,FALSE,FALSE
"7",16:46:32,"FALSE","stop",NA,FALSE,FALSE
"8",08:30:02,"FALSE","start",NA,FALSE,FALSE
"8",08:31:57,"FALSE",NA,NA,FALSE,FALSE
"8",08:44:06,"FALSE",NA,NA,FALSE,FALSE
"8",08:47:04,"FALSE",NA,NA,FALSE,FALSE
"8",08:50:46,"FALSE","stop",NA,FALSE,FALSE
"8",08:59:18,"FALSE","start",NA,FALSE,FALSE
"8",09:00:36,"FALSE","stop",NA,FALSE,FALSE
"8",09:01:04,"FALSE","start",NA,FALSE,FALSE
"8",09:03:27,"FALSE","start",NA,FALSE,FALSE
"8",09:03:55,"FALSE","stop",NA,FALSE,FALSE
"8",09:04:06,"FALSE","start",NA,FALSE,FALSE
"8",09:04:49,"FALSE","stop",NA,FALSE,FALSE
"8",09:06:31,"FALSE","start",NA,FALSE,FALSE
"8",09:08:17,"FALSE","start",NA,FALSE,FALSE
"8",09:11:25,"FALSE","start",NA,FALSE,FALSE
"8",09:14:31,"FALSE","start",NA,FALSE,FALSE
"8",09:15:33,"FALSE",NA,"start",FALSE,FALSE
"8",09:15:55,"FALSE",NA,NA,FALSE,FALSE
"8",09:15:59,"FALSE",NA,NA,FALSE,FALSE
"8",09:16:09,"FALSE",NA,NA,FALSE,FALSE
"8",09:16:55,"FALSE","start","stop",FALSE,FALSE
"8",09:17:13,"FALSE",NA,"start",FALSE,FALSE
"8",09:17:34,"FALSE",NA,NA,FALSE,FALSE
"8",09:19:53,"FALSE","start","stop",FALSE,FALSE
"8",09:20:13,"FALSE","start",NA,FALSE,FALSE
"8",09:22:24,"FALSE","stop","start",FALSE,FALSE
"8",09:24:54,"FALSE","start","stop",FALSE,FALSE
"8",09:25:15,"FALSE","stop","start",FALSE,FALSE
"8",09:26:36,"FALSE","start","stop",FALSE,FALSE
"8",09:29:25,"FALSE",NA,"start",FALSE,FALSE
"8",09:31:59,"FALSE","start","stop",FALSE,FALSE
"8",09:32:16,"FALSE",NA,"start",FALSE,FALSE
"8",09:33:40,"FALSE","start","stop",FALSE,FALSE
"8",09:34:34,"FALSE",NA,NA,FALSE,FALSE
"8",09:35:27,"FALSE",NA,NA,TRUE,FALSE
"8",09:35:59,"FALSE","start",NA,FALSE,FALSE
"8",09:37:02,"FALSE","stop","start",FALSE,FALSE
"8",09:37:38,"FALSE","start","stop",FALSE,FALSE
"8",09:38:20,"FALSE",NA,NA,TRUE,FALSE
"8",09:38:52,"FALSE","start",NA,FALSE,FALSE
"8",09:41:42,"FALSE",NA,NA,FALSE,FALSE
"8",09:43:12,"FALSE","stop",NA,FALSE,FALSE
"8",09:43:56,"FALSE",NA,"start",FALSE,FALSE
"8",09:45:23,"FALSE",NA,"stop",FALSE,FALSE
"8",09:45:53,"FALSE","start",NA,FALSE,FALSE
"8",09:46:48,"FALSE",NA,NA,FALSE,FALSE
"8",09:49:27,"FALSE","start",NA,FALSE,FALSE
"8",09:50:04,"FALSE","stop","start",FALSE,FALSE
"8",09:51:41,"FALSE","start","stop",FALSE,FALSE
"8",09:53:00,"FALSE","stop","start",FALSE,FALSE
"8",09:56:14,"FALSE","start","stop",FALSE,FALSE
"8",09:59:32,"FALSE","stop",NA,TRUE,FALSE
"8",09:59:52,"FALSE",NA,NA,FALSE,FALSE
"8",10:00:46,"FALSE","start",NA,FALSE,FALSE
"8",10:02:12,"FALSE",NA,NA,FALSE,FALSE
"8",10:03:37,"FALSE","start",NA,FALSE,FALSE
"8",10:04:40,"FALSE",NA,"start",FALSE,FALSE
"8",10:06:50,"FALSE","start","stop",FALSE,FALSE
"8",10:08:47,"FALSE","stop","start",FALSE,FALSE
"8",10:09:37,"FALSE","start","stop",FALSE,FALSE
"8",10:10:29,"FALSE","start","start",FALSE,FALSE
"8",10:13:52,"FALSE","start","stop",FALSE,FALSE
"8",10:26:28,"FALSE","stop",NA,TRUE,FALSE
"8",10:27:06,"FALSE",NA,NA,FALSE,FALSE
"8",10:28:20,"FALSE","start",NA,FALSE,FALSE
"8",10:29:10,"FALSE",NA,"start",FALSE,FALSE
"8",10:30:08,"FALSE","start","stop",FALSE,FALSE
"8",10:30:48,"FALSE","stop","start",FALSE,FALSE
"8",10:33:01,"FALSE","start","stop",FALSE,FALSE
"8",10:35:01,"FALSE",NA,"start",FALSE,FALSE
"8",10:36:08,"FALSE","stop",NA,FALSE,FALSE
"8",10:37:11,"FALSE",NA,NA,FALSE,FALSE
"8",10:40:22,"FALSE","start","stop",FALSE,FALSE
"8",10:41:17,"FALSE",NA,"start",FALSE,FALSE
"8",10:44:00,"FALSE","start","stop",FALSE,FALSE
"8",10:47:00,"FALSE",NA,"start",FALSE,FALSE
"8",10:49:14,"FALSE",NA,"stop",TRUE,FALSE
"8",10:50:11,"FALSE","start",NA,FALSE,FALSE
"8",10:52:50,"FALSE",NA,NA,FALSE,FALSE
"8",10:55:34,"FALSE","stop",NA,FALSE,FALSE
"8",10:57:02,"FALSE",NA,NA,FALSE,FALSE
"8",11:00:01,"FALSE",NA,NA,FALSE,FALSE
"8",11:01:41,"FALSE",NA,NA,FALSE,FALSE
"8",11:03:47,"FALSE","start",NA,FALSE,FALSE
"8",11:04:29,"FALSE","stop",NA,FALSE,FALSE
"8",11:05:21,"FALSE",NA,NA,FALSE,FALSE
"8",11:05:48,"FALSE","start",NA,FALSE,FALSE
"8",11:05:58,"FALSE","stop",NA,TRUE,FALSE
"8",11:06:38,"FALSE","start",NA,FALSE,FALSE
"8",11:11:25,"FALSE","stop",NA,FALSE,FALSE
"8",11:12:50,"TRUE",NA,NA,FALSE,FALSE
"8",11:16:44,"FALSE",NA,"start",FALSE,FALSE
"8",11:37:10,"FALSE",NA,NA,TRUE,FALSE
"8",11:37:50,"FALSE",NA,NA,FALSE,FALSE
"8",11:39:29,"FALSE",NA,NA,FALSE,FALSE
"8",11:40:07,"FALSE","start",NA,FALSE,FALSE
"8",11:43:39,"FALSE","start",NA,FALSE,FALSE
"8",11:44:05,"FALSE","start",NA,FALSE,FALSE
"8",11:45:44,"FALSE",NA,NA,FALSE,FALSE
"8",11:47:17,"FALSE","stop",NA,TRUE,FALSE
"8",11:47:31,"FALSE",NA,NA,TRUE,FALSE
"8",11:47:58,"FALSE","start",NA,FALSE,FALSE
"8",11:49:54,"FALSE","start",NA,FALSE,FALSE
"8",12:14:37,"FALSE","stop",NA,TRUE,FALSE
"8",12:18:54,"FALSE","start",NA,FALSE,FALSE
"8",12:21:49,"FALSE",NA,"stop",FALSE,FALSE
"8",12:25:45,"FALSE","stop",NA,TRUE,FALSE
"8",12:26:09,"TRUE",NA,NA,FALSE,FALSE
"8",12:27:16,"FALSE","start",NA,TRUE,FALSE
"8",12:27:40,"FALSE",NA,"start",FALSE,FALSE
"8",12:29:46,"FALSE",NA,"stop",TRUE,FALSE
"8",12:31:23,"FALSE",NA,NA,TRUE,FALSE
"8",12:32:49,"FALSE",NA,"start",FALSE,FALSE
"8",13:19:30,"TRUE",NA,NA,FALSE,FALSE
"8",13:22:53,"FALSE",NA,NA,FALSE,FALSE
"8",13:22:57,"FALSE",NA,NA,FALSE,FALSE
"8",13:27:00,"FALSE",NA,"stop",TRUE,FALSE
"8",13:27:19,"FALSE",NA,"start",FALSE,FALSE
"8",13:43:55,"FALSE",NA,NA,FALSE,FALSE
"8",13:46:46,"FALSE",NA,NA,FALSE,FALSE
"8",13:49:19,"FALSE",NA,"stop",FALSE,FALSE
"8",13:51:38,"FALSE","start",NA,FALSE,FALSE
"8",13:54:15,"TRUE","stop",NA,FALSE,FALSE
"8",13:55:28,"FALSE","start",NA,FALSE,FALSE
"8",13:56:52,"FALSE","stop","start",FALSE,FALSE
"8",14:03:53,"FALSE",NA,"stop",TRUE,FALSE
"8",14:04:40,"FALSE","start",NA,FALSE,FALSE
"8",14:05:23,"FALSE",NA,NA,FALSE,FALSE
"8",14:06:41,"FALSE","stop",NA,TRUE,FALSE
"8",14:07:49,"FALSE","start",NA,FALSE,FALSE
"8",14:09:55,"FALSE","start",NA,FALSE,FALSE
"8",14:11:55,"FALSE",NA,NA,TRUE,FALSE
"8",14:14:03,"FALSE","start",NA,FALSE,FALSE
"8",14:15:42,"FALSE","stop",NA,TRUE,FALSE
"8",14:16:43,"TRUE",NA,NA,FALSE,FALSE
"8",14:23:23,"FALSE",NA,NA,FALSE,FALSE
"8",14:33:46,"FALSE",NA,NA,FALSE,FALSE
"8",14:39:20,"FALSE",NA,NA,FALSE,FALSE
"8",14:42:36,"FALSE",NA,NA,FALSE,FALSE
"8",14:44:12,"FALSE","start","start",FALSE,FALSE
"8",14:45:43,"FALSE","start",NA,FALSE,FALSE
"8",14:48:54,"FALSE","stop",NA,TRUE,FALSE
"8",14:50:20,"FALSE","start",NA,FALSE,FALSE
"8",14:50:41,"FALSE","stop",NA,TRUE,FALSE
"8",14:51:59,"FALSE","start",NA,FALSE,FALSE
"8",14:54:28,"FALSE","stop",NA,TRUE,FALSE
"8",14:54:50,"FALSE",NA,NA,FALSE,FALSE
"8",14:59:16,"FALSE","start",NA,FALSE,FALSE
"8",15:01:51,"FALSE","stop",NA,FALSE,FALSE
"8",15:03:17,"TRUE",NA,NA,FALSE,FALSE
"8",15:04:42,"TRUE",NA,NA,FALSE,FALSE
"8",15:13:22,"TRUE",NA,NA,FALSE,FALSE
"8",15:25:46,"FALSE",NA,NA,FALSE,FALSE
"8",15:30:30,"FALSE",NA,NA,FALSE,FALSE
"8",15:32:10,"FALSE",NA,"stop",TRUE,FALSE
"8",15:34:27,"FALSE","start",NA,FALSE,FALSE
"8",15:36:48,"FALSE","stop",NA,TRUE,FALSE
"8",15:52:33,"TRUE",NA,NA,FALSE,FALSE
"8",15:53:36,"FALSE","start",NA,FALSE,FALSE
"8",16:12:24,"FALSE",NA,NA,FALSE,FALSE
"8",16:14:13,"FALSE","stop",NA,FALSE,FALSE
"9",09:59:31,"FALSE","start",NA,FALSE,FALSE
"9",10:26:19,"TRUE","stop",NA,FALSE,FALSE
"9",10:29:22,"FALSE","start",NA,FALSE,FALSE
"9",10:33:23,"FALSE","start",NA,FALSE,FALSE
"9",10:35:08,"FALSE",NA,NA,TRUE,FALSE
"9",10:35:43,"FALSE","start",NA,FALSE,FALSE
"9",10:36:26,"FALSE",NA,NA,TRUE,FALSE
"9",10:36:40,"FALSE","start",NA,FALSE,FALSE
"9",10:38:34,"TRUE","stop",NA,FALSE,FALSE
"9",10:38:53,"FALSE",NA,NA,FALSE,TRUE
"9",10:42:50,"TRUE","start",NA,FALSE,FALSE
"9",10:44:33,"FALSE",NA,NA,TRUE,FALSE
"9",10:45:03,"FALSE","start",NA,FALSE,FALSE
"9",10:45:43,"FALSE","stop",NA,FALSE,FALSE
"9",10:46:47,"FALSE","start",NA,FALSE,FALSE
"9",10:51:37,"TRUE",NA,NA,FALSE,FALSE
"9",10:53:05,"FALSE",NA,"start",FALSE,FALSE
"9",10:58:29,"FALSE",NA,"stop",FALSE,FALSE
"9",11:04:57,"TRUE",NA,NA,FALSE,FALSE
"9",11:06:49,"FALSE",NA,NA,TRUE,FALSE
"9",11:07:27,"FALSE","start",NA,FALSE,FALSE
"9",11:09:14,"FALSE",NA,NA,FALSE,FALSE
"9",11:11:18,"FALSE",NA,"start",FALSE,FALSE
"9",11:14:09,"FALSE",NA,"stop",TRUE,FALSE
"9",11:19:59,"FALSE","start","start",FALSE,FALSE
"9",11:20:59,"FALSE","stop","stop",FALSE,FALSE
"9",11:22:55,"FALSE",NA,NA,FALSE,FALSE
"9",11:23:18,"FALSE",NA,NA,FALSE,FALSE
"9",11:24:52,"FALSE",NA,"start",FALSE,FALSE
"9",11:45:46,"FALSE",NA,NA,FALSE,FALSE
"9",11:48:04,"FALSE",NA,NA,FALSE,FALSE
"9",12:03:32,"FALSE",NA,NA,FALSE,FALSE
"9",12:07:49,"FALSE",NA,NA,FALSE,FALSE
"9",12:19:14,"FALSE","start","stop",FALSE,FALSE
"9",12:22:10,"FALSE","start",NA,FALSE,FALSE
"9",12:25:38,"FALSE","start",NA,FALSE,FALSE
"9",12:27:04,"FALSE","stop",NA,FALSE,FALSE
"9",12:28:04,"FALSE",NA,NA,TRUE,FALSE
"9",12:33:27,"FALSE",NA,NA,TRUE,FALSE
"9",12:43:44,"FALSE","start",NA,FALSE,FALSE
"9",12:47:01,"FALSE",NA,NA,FALSE,FALSE
"9",12:48:06,"FALSE",NA,NA,FALSE,FALSE
"9",12:59:39,"TRUE","stop",NA,FALSE,FALSE
"9",13:00:03,"TRUE",NA,NA,FALSE,TRUE
"9",13:01:40,"TRUE",NA,NA,FALSE,FALSE
"9",13:03:05,"FALSE","start",NA,FALSE,FALSE
"9",13:03:44,"FALSE",NA,NA,FALSE,TRUE
"9",13:10:39,"FALSE","stop",NA,FALSE,FALSE
"9",13:11:34,"FALSE","start",NA,FALSE,FALSE
"9",13:22:13,"FALSE",NA,NA,FALSE,FALSE
"9",13:23:48,"FALSE","stop",NA,FALSE,FALSE
"10",09:21:03,"FALSE","start",NA,FALSE,FALSE
"10",09:23:04,"FALSE",NA,NA,FALSE,FALSE
"10",09:50:08,"FALSE","start",NA,FALSE,FALSE
"10",09:50:55,"FALSE","start",NA,FALSE,FALSE
"10",09:53:46,"FALSE","stop",NA,TRUE,FALSE
"10",09:56:05,"TRUE",NA,NA,FALSE,TRUE
"10",09:58:16,"FALSE","start",NA,FALSE,FALSE
"10",09:59:20,"TRUE","stop",NA,FALSE,FALSE
"10",10:00:05,"TRUE",NA,NA,FALSE,FALSE
"10",10:02:03,"TRUE",NA,NA,FALSE,FALSE
"10",10:07:52,"TRUE","start",NA,FALSE,FALSE
"10",10:20:39,"FALSE","start",NA,FALSE,FALSE
"10",10:21:26,"FALSE","stop",NA,FALSE,FALSE
"10",10:22:12,"FALSE",NA,"start",FALSE,FALSE
"10",10:32:24,"FALSE",NA,"stop",FALSE,FALSE
"10",10:35:52,"FALSE",NA,NA,TRUE,FALSE
"10",10:36:47,"FALSE","start",NA,FALSE,FALSE
"10",10:47:06,"FALSE",NA,NA,FALSE,FALSE
"10",10:50:21,"FALSE","stop",NA,TRUE,FALSE
"10",10:50:54,"FALSE","start",NA,FALSE,FALSE
"10",10:51:39,"FALSE",NA,NA,FALSE,TRUE
"10",11:03:15,"FALSE",NA,NA,FALSE,FALSE
"10",11:12:08,"FALSE",NA,NA,FALSE,FALSE
"10",11:13:54,"FALSE","stop",NA,FALSE,FALSE
"11",13:27:30,"FALSE","start",NA,FALSE,FALSE
"11",13:28:51,"FALSE",NA,NA,FALSE,FALSE
"11",13:39:08,"FALSE","stop",NA,TRUE,FALSE
"11",13:41:19,"FALSE",NA,"start",FALSE,FALSE
"11",13:54:15,"FALSE","start","stop",FALSE,FALSE
"11",13:56:12,"FALSE","start",NA,FALSE,FALSE
"11",14:00:15,"FALSE","start","start",FALSE,FALSE
"11",14:00:41,"FALSE",NA,NA,TRUE,FALSE
"11",14:01:18,"FALSE",NA,NA,FALSE,FALSE
"11",14:02:37,"FALSE","start",NA,FALSE,FALSE
"11",14:06:40,"FALSE","start","stop",FALSE,FALSE
"11",14:06:59,"FALSE","stop","start",FALSE,FALSE
"11",14:07:27,"FALSE","start","stop",FALSE,FALSE
"11",14:09:53,"FALSE","start",NA,FALSE,FALSE
"11",14:10:23,"FALSE","stop","start",FALSE,FALSE
"11",14:10:47,"FALSE",NA,NA,FALSE,FALSE
"11",14:14:26,"FALSE","start","stop",FALSE,FALSE
"11",14:16:32,"FALSE","stop","start",FALSE,FALSE
"11",14:20:09,"FALSE",NA,"stop",TRUE,FALSE
"11",14:21:37,"FALSE","start",NA,FALSE,FALSE
"11",14:22:59,"FALSE","stop","start",FALSE,FALSE
"11",14:25:55,"FALSE",NA,"stop",FALSE,FALSE
"11",14:27:41,"FALSE","start",NA,FALSE,FALSE
"11",14:39:35,"FALSE",NA,NA,FALSE,FALSE
"11",14:41:30,"FALSE","stop",NA,FALSE,FALSE
"12",10:30:51,"FALSE","start",NA,FALSE,FALSE
"12",10:31:34,"FALSE",NA,NA,FALSE,FALSE
"12",10:34:36,"TRUE","start",NA,FALSE,FALSE
"12",10:35:36,"FALSE","start",NA,FALSE,FALSE
"12",11:02:30,"FALSE",NA,NA,FALSE,FALSE
"12",11:05:32,"FALSE",NA,NA,FALSE,FALSE
"12",11:07:30,"FALSE",NA,NA,FALSE,FALSE
"12",11:09:11,"FALSE",NA,NA,FALSE,FALSE
"12",11:12:23,"FALSE","stop",NA,TRUE,FALSE
"12",11:12:37,"FALSE","start",NA,FALSE,FALSE
"12",11:18:14,"FALSE","stop","start",FALSE,FALSE
"12",11:19:31,"FALSE",NA,"stop",TRUE,FALSE
"12",11:20:37,"FALSE","start",NA,FALSE,FALSE
"12",11:27:35,"FALSE","start",NA,FALSE,FALSE
"12",11:28:06,"FALSE","start",NA,FALSE,FALSE
"12",11:35:24,"FALSE","stop",NA,TRUE,FALSE
"12",11:36:03,"FALSE","start","start",FALSE,FALSE
"12",11:36:52,"FALSE",NA,NA,FALSE,FALSE
"12",11:37:38,"FALSE",NA,NA,FALSE,FALSE
"12",11:38:02,"FALSE","start","stop",FALSE,FALSE
"12",11:40:01,"FALSE","start",NA,FALSE,FALSE
"12",11:41:00,"FALSE","start",NA,FALSE,FALSE
"12",11:41:41,"FALSE","stop","start",FALSE,FALSE
"12",11:42:33,"FALSE","start","stop",FALSE,FALSE
"12",11:43:48,"FALSE","stop",NA,TRUE,FALSE
"12",11:46:22,"FALSE","start",NA,FALSE,FALSE
"12",11:57:16,"FALSE","start",NA,FALSE,FALSE
"12",12:00:33,"FALSE","stop",NA,TRUE,FALSE
"12",12:00:57,"FALSE","start",NA,FALSE,FALSE
"12",12:01:08,"FALSE",NA,"start",FALSE,FALSE
"12",12:04:11,"FALSE",NA,NA,FALSE,FALSE
"12",12:06:37,"FALSE","start","stop",FALSE,FALSE
"12",12:09:51,"FALSE","stop","start",FALSE,FALSE
"12",12:12:06,"FALSE","start","stop",FALSE,FALSE
"12",12:12:16,"FALSE","stop","start",FALSE,FALSE
"12",12:16:36,"FALSE","start","stop",FALSE,FALSE
"12",12:17:33,"FALSE","stop",NA,TRUE,FALSE
"12",12:18:08,"FALSE","start",NA,FALSE,FALSE
"12",12:20:00,"FALSE","stop","start",FALSE,FALSE
"12",12:23:20,"FALSE","start","stop",FALSE,FALSE
"12",12:24:19,"FALSE","stop","start",FALSE,FALSE
"12",12:25:58,"FALSE","start","stop",FALSE,FALSE
"12",12:29:26,"FALSE","stop","start",FALSE,FALSE
"12",12:33:13,"TRUE",NA,"stop",FALSE,FALSE
"12",12:35:04,"FALSE",NA,NA,TRUE,FALSE
"12",12:36:23,"FALSE","start",NA,FALSE,FALSE
"12",12:42:58,"FALSE","stop",NA,TRUE,FALSE
"12",12:43:24,"FALSE","start",NA,FALSE,FALSE
"12",12:45:30,"FALSE","stop","start",FALSE,FALSE
"12",12:47:53,"FALSE","start","stop",FALSE,FALSE
"12",12:48:11,"FALSE","start",NA,FALSE,FALSE
"12",12:52:01,"FALSE","stop","start",FALSE,FALSE
"12",12:53:32,"FALSE","start","stop",TRUE,FALSE
"12",12:55:02,"FALSE","start",NA,FALSE,FALSE
"12",12:56:07,"FALSE","stop",NA,TRUE,FALSE
"12",12:56:55,"FALSE","start",NA,FALSE,FALSE
"12",13:10:24,"TRUE","stop",NA,FALSE,FALSE
"12",13:11:20,"FALSE","start",NA,FALSE,FALSE
"12",13:39:49,"FALSE","start",NA,FALSE,FALSE
"12",13:40:39,"FALSE","start",NA,FALSE,FALSE
"12",13:41:16,"FALSE","start",NA,FALSE,FALSE
"12",13:43:25,"FALSE","start",NA,FALSE,FALSE
"12",13:47:07,"FALSE","start",NA,FALSE,FALSE
"12",13:48:19,"FALSE","start",NA,FALSE,FALSE
"12",13:48:52,"FALSE","start","start",FALSE,FALSE
"12",13:49:31,"FALSE",NA,"stop",TRUE,FALSE
"12",13:50:56,"FALSE","start",NA,FALSE,FALSE
"12",13:55:59,"FALSE","stop","start",FALSE,FALSE
"12",14:01:35,"FALSE","start","stop",FALSE,FALSE
"12",14:03:08,"FALSE",NA,NA,FALSE,FALSE
"12",14:20:06,"FALSE","start",NA,FALSE,FALSE
"12",14:26:02,"FALSE","start",NA,FALSE,FALSE
"12",14:27:43,"FALSE",NA,"start",FALSE,FALSE
"12",14:31:24,"FALSE","start","stop",FALSE,FALSE
"12",14:35:43,"FALSE","stop",NA,FALSE,FALSE
"12",14:37:24,"FALSE","start",NA,FALSE,FALSE
"12",14:40:11,"FALSE","stop","start",FALSE,FALSE
"12",14:41:09,"FALSE",NA,"stop",FALSE,FALSE
"12",14:41:31,"FALSE","start",NA,FALSE,FALSE
"12",14:44:03,"FALSE","start",NA,FALSE,FALSE
"12",14:44:29,"FALSE","start",NA,FALSE,FALSE
"12",14:52:31,"FALSE",NA,NA,FALSE,FALSE
"12",14:54:32,"FALSE",NA,NA,FALSE,FALSE
"12",14:55:46,"FALSE","stop",NA,TRUE,FALSE
"12",14:56:28,"FALSE",NA,NA,FALSE,FALSE
"12",14:57:02,"TRUE",NA,NA,FALSE,FALSE
"12",15:23:51,"TRUE",NA,NA,FALSE,FALSE
"12",15:29:40,"TRUE",NA,NA,FALSE,FALSE
"12",15:41:40,"TRUE",NA,NA,FALSE,FALSE
"12",15:44:00,"FALSE",NA,NA,TRUE,FALSE
"12",15:44:32,"FALSE","start",NA,FALSE,FALSE
"12",15:47:40,"FALSE",NA,NA,FALSE,FALSE
"12",15:50:37,"TRUE","start",NA,FALSE,FALSE
"12",15:51:52,"TRUE",NA,NA,FALSE,FALSE
"12",15:54:16,"FALSE",NA,NA,TRUE,FALSE
"12",15:57:45,"TRUE",NA,NA,FALSE,FALSE
"12",16:19:29,"FALSE","start",NA,FALSE,FALSE
"12",16:24:59,"FALSE","start",NA,FALSE,FALSE
"12",16:29:16,"FALSE","start",NA,FALSE,FALSE
"12",16:29:56,"FALSE",NA,NA,FALSE,FALSE
"12",16:31:24,"FALSE",NA,NA,FALSE,FALSE
"12",16:33:17,"FALSE",NA,NA,FALSE,FALSE
"12",16:36:39,"FALSE",NA,NA,FALSE,FALSE
"12",16:49:17,"FALSE","stop",NA,TRUE,FALSE
"12",16:53:24,"FALSE","start",NA,FALSE,FALSE
"12",17:07:28,"FALSE","start",NA,TRUE,FALSE
"12",17:08:48,"FALSE",NA,NA,TRUE,FALSE
"12",17:10:40,"FALSE",NA,NA,TRUE,FALSE
"12",17:12:44,"FALSE","start",NA,FALSE,FALSE
"12",17:21:23,"FALSE",NA,NA,FALSE,FALSE
"12",17:23:10,"FALSE","stop",NA,FALSE,FALSE
"13",09:47:32,"FALSE","start",NA,FALSE,FALSE
"13",09:48:55,"FALSE",NA,NA,FALSE,FALSE
"13",10:00:10,"FALSE","start",NA,FALSE,FALSE
"13",10:02:57,"FALSE",NA,NA,FALSE,FALSE
"13",10:05:15,"FALSE","stop",NA,FALSE,FALSE
"13",10:06:40,"FALSE","start",NA,FALSE,FALSE
"13",10:16:26,"FALSE","stop",NA,FALSE,FALSE
"13",10:24:13,"FALSE","start",NA,FALSE,FALSE
"13",10:25:46,"FALSE",NA,NA,FALSE,FALSE
"13",10:29:18,"FALSE","start",NA,FALSE,FALSE
"13",10:30:18,"FALSE",NA,"start",FALSE,FALSE
"13",10:32:32,"FALSE","start","stop",FALSE,FALSE
"13",10:33:06,"FALSE","start",NA,FALSE,FALSE
"13",10:35:16,"FALSE","start",NA,FALSE,FALSE
"13",10:36:42,"FALSE",NA,"start",FALSE,FALSE
"13",10:38:30,"FALSE","start","stop",FALSE,FALSE
"13",10:39:18,"FALSE",NA,NA,FALSE,FALSE
"13",10:39:39,"FALSE",NA,NA,FALSE,TRUE
"13",10:44:22,"FALSE","stop",NA,FALSE,FALSE
"13",10:44:49,"FALSE","start",NA,FALSE,FALSE
"13",10:45:02,"FALSE","start",NA,FALSE,FALSE
"13",10:47:10,"FALSE","stop",NA,TRUE,FALSE
"13",10:47:26,"FALSE","start",NA,FALSE,FALSE
"13",10:48:56,"FALSE",NA,NA,TRUE,FALSE
"13",10:49:12,"FALSE","start",NA,FALSE,FALSE
"13",10:55:04,"FALSE",NA,NA,FALSE,FALSE
"13",10:56:00,"FALSE","start",NA,FALSE,FALSE
"13",10:57:47,"FALSE",NA,NA,FALSE,FALSE
"13",10:58:26,"TRUE","stop",NA,FALSE,FALSE
"13",10:59:42,"FALSE","start",NA,FALSE,FALSE
"13",11:03:04,"FALSE","stop","start",FALSE,FALSE
"13",11:07:21,"FALSE","start",NA,FALSE,FALSE
"13",11:08:37,"FALSE",NA,NA,FALSE,FALSE
"13",11:11:37,"TRUE","stop",NA,FALSE,FALSE
"13",11:20:18,"FALSE",NA,NA,TRUE,FALSE
"13",11:20:40,"FALSE","start",NA,FALSE,FALSE
"13",11:21:03,"FALSE","stop",NA,FALSE,FALSE
"13",11:21:30,"FALSE","start",NA,FALSE,FALSE
"13",11:23:44,"FALSE","stop",NA,FALSE,TRUE
"13",11:24:01,"FALSE","start",NA,FALSE,FALSE
"13",11:26:41,"FALSE","start","stop",FALSE,FALSE
"13",11:27:59,"FALSE","stop",NA,FALSE,FALSE
"13",11:28:30,"FALSE","start",NA,FALSE,FALSE
"13",11:31:21,"FALSE","start",NA,TRUE,FALSE
"13",11:35:31,"TRUE",NA,NA,FALSE,FALSE
"13",11:36:21,"FALSE","start",NA,FALSE,FALSE
"13",11:37:40,"TRUE","start",NA,FALSE,FALSE
"13",11:42:14,"TRUE",NA,NA,FALSE,FALSE
"13",11:44:57,"FALSE","start",NA,FALSE,FALSE
"13",11:47:56,"TRUE","stop",NA,FALSE,FALSE
"13",11:48:28,"TRUE",NA,NA,FALSE,TRUE
"13",11:48:44,"TRUE",NA,NA,FALSE,FALSE
"13",11:51:16,"TRUE",NA,NA,FALSE,FALSE
"13",11:56:15,"TRUE",NA,NA,FALSE,FALSE
"13",11:58:22,"FALSE","start",NA,FALSE,FALSE
"13",12:01:25,"FALSE","start",NA,FALSE,FALSE
"13",12:02:02,"FALSE",NA,"start",FALSE,FALSE
"13",12:02:48,"FALSE",NA,NA,FALSE,FALSE
"13",12:04:41,"FALSE","start","stop",FALSE,FALSE
"13",12:07:37,"FALSE","start",NA,FALSE,FALSE
"13",12:09:29,"FALSE",NA,NA,FALSE,FALSE
"13",12:11:36,"FALSE","stop","start",FALSE,FALSE
"13",12:14:29,"FALSE","start","stop",FALSE,FALSE
"13",12:16:20,"FALSE",NA,NA,FALSE,FALSE
"13",12:18:20,"FALSE","stop",NA,FALSE,FALSE
"13",12:19:17,"FALSE",NA,NA,FALSE,FALSE
"13",12:20:24,"FALSE","start",NA,FALSE,FALSE
"13",12:31:21,"TRUE","start",NA,FALSE,FALSE
"13",12:33:32,"TRUE",NA,NA,FALSE,TRUE
"13",13:01:12,"TRUE",NA,NA,FALSE,FALSE
"13",13:06:23,"FALSE","start",NA,FALSE,FALSE
"13",13:09:51,"FALSE","stop","start",FALSE,FALSE
"13",13:10:52,"FALSE",NA,NA,FALSE,FALSE
"13",13:14:45,"FALSE",NA,"stop",TRUE,FALSE
"13",13:15:17,"FALSE",NA,NA,TRUE,FALSE
"13",13:16:35,"FALSE",NA,NA,TRUE,TRUE
"13",13:17:27,"FALSE","start",NA,FALSE,FALSE
"13",13:20:45,"FALSE",NA,NA,FALSE,FALSE
"13",13:24:48,"FALSE",NA,NA,FALSE,FALSE
"13",13:27:39,"FALSE","start",NA,FALSE,FALSE
"13",13:33:14,"FALSE","start",NA,FALSE,FALSE
"13",13:35:14,"TRUE","stop",NA,FALSE,FALSE
"13",13:36:43,"FALSE","start",NA,FALSE,FALSE
"13",13:37:58,"FALSE",NA,NA,FALSE,FALSE
"13",13:39:29,"FALSE",NA,NA,FALSE,FALSE
"13",13:40:50,"FALSE",NA,NA,FALSE,FALSE
"13",13:42:24,"FALSE","stop",NA,FALSE,FALSE
"14",10:50:07,"FALSE","start",NA,FALSE,FALSE
"14",10:50:42,"FALSE","stop",NA,FALSE,FALSE
"14",10:52:11,"FALSE","start",NA,FALSE,FALSE
"14",10:53:38,"FALSE",NA,NA,FALSE,FALSE
"14",10:54:05,"FALSE",NA,NA,FALSE,FALSE
"14",10:54:28,"FALSE",NA,NA,FALSE,FALSE
"14",10:55:51,"FALSE",NA,NA,FALSE,FALSE
"14",10:57:46,"FALSE",NA,NA,FALSE,FALSE
"14",10:57:59,"FALSE",NA,NA,FALSE,FALSE
"14",11:00:10,"FALSE",NA,NA,FALSE,FALSE
"14",11:01:07,"FALSE",NA,NA,FALSE,FALSE
"14",11:02:37,"FALSE",NA,NA,FALSE,FALSE
"14",11:02:49,"FALSE",NA,"stop",FALSE,FALSE
"14",11:05:17,"FALSE","start",NA,FALSE,FALSE
"14",11:06:51,"FALSE","start",NA,FALSE,FALSE
"14",11:07:33,"FALSE","start",NA,FALSE,FALSE
"14",11:07:53,"FALSE",NA,NA,FALSE,FALSE
"14",11:14:06,"FALSE","stop","start",FALSE,FALSE
"14",11:17:23,"FALSE","start","stop",FALSE,FALSE
"14",11:18:52,"FALSE","stop","start",FALSE,FALSE
"14",11:20:08,"FALSE","start","stop",FALSE,FALSE
"14",11:20:57,"FALSE","start",NA,FALSE,FALSE
"14",11:24:18,"FALSE","stop",NA,FALSE,FALSE
"14",11:24:29,"FALSE","start",NA,FALSE,FALSE
"14",11:24:40,"FALSE","start",NA,FALSE,FALSE
"14",11:25:02,"FALSE",NA,NA,FALSE,FALSE
"14",11:27:04,"FALSE","start",NA,FALSE,FALSE
"14",11:29:33,"FALSE",NA,NA,FALSE,FALSE
"14",11:30:21,"FALSE","stop",NA,FALSE,FALSE
"14",11:31:15,"FALSE","start",NA,FALSE,FALSE
"14",11:31:44,"FALSE","start",NA,FALSE,FALSE
"14",11:34:12,"FALSE",NA,NA,FALSE,FALSE
"14",11:37:11,"FALSE","start",NA,FALSE,FALSE
"14",11:38:34,"FALSE","stop","start",FALSE,FALSE
"14",11:40:00,"FALSE",NA,"stop",FALSE,FALSE
"14",11:40:22,"FALSE","start",NA,FALSE,FALSE
"14",11:46:25,"FALSE","stop","start",FALSE,FALSE
"14",11:46:39,"FALSE",NA,NA,FALSE,FALSE
"14",11:49:03,"FALSE",NA,NA,FALSE,FALSE
"14",11:49:28,"FALSE",NA,NA,FALSE,FALSE
"14",11:57:18,"FALSE","start","stop",FALSE,FALSE
"14",12:00:17,"FALSE","stop","start",FALSE,FALSE
"14",12:00:28,"FALSE",NA,NA,FALSE,FALSE
"14",12:04:16,"FALSE",NA,"stop",TRUE,FALSE
"14",12:05:04,"FALSE","start",NA,FALSE,FALSE
"14",12:06:39,"FALSE","stop","start",FALSE,FALSE
"14",12:07:52,"FALSE",NA,"stop",TRUE,FALSE
"14",12:08:44,"FALSE","start",NA,FALSE,FALSE
"14",12:12:06,"FALSE","start",NA,FALSE,TRUE
"14",12:18:49,"FALSE","start",NA,FALSE,FALSE
"14",12:20:54,"FALSE",NA,NA,FALSE,TRUE
"14",12:21:54,"FALSE",NA,NA,FALSE,FALSE
"14",12:22:46,"FALSE",NA,NA,FALSE,FALSE
"14",12:27:45,"FALSE","start",NA,FALSE,FALSE
"14",12:28:28,"FALSE",NA,"start",FALSE,FALSE
"14",12:31:25,"FALSE","stop",NA,FALSE,FALSE
"14",12:44:15,"FALSE",NA,NA,FALSE,FALSE
"14",12:49:21,"FALSE",NA,"stop",FALSE,TRUE
"14",12:53:00,"FALSE","start",NA,FALSE,FALSE
"14",12:59:19,"FALSE","stop","start",FALSE,FALSE
"14",13:01:14,"FALSE","start","stop",TRUE,FALSE
"14",13:02:52,"FALSE","start",NA,FALSE,FALSE
"14",13:04:32,"FALSE","start",NA,FALSE,FALSE
"14",13:05:07,"FALSE","stop",NA,FALSE,FALSE
"14",13:05:23,"FALSE","start",NA,FALSE,FALSE
"14",13:06:13,"FALSE","start",NA,FALSE,TRUE
"14",13:10:08,"FALSE","start",NA,FALSE,FALSE
"14",13:12:21,"FALSE",NA,NA,FALSE,FALSE
"14",13:14:29,"TRUE","stop",NA,FALSE,FALSE
"14",13:20:34,"FALSE",NA,"start",FALSE,FALSE
"14",13:26:43,"FALSE","start","stop",FALSE,FALSE
"14",13:27:20,"FALSE",NA,"start",FALSE,FALSE
"14",13:28:08,"FALSE","start","stop",FALSE,FALSE
"14",13:29:02,"FALSE",NA,NA,TRUE,FALSE
"14",13:29:32,"FALSE","start",NA,FALSE,FALSE
"14",13:30:37,"FALSE","stop",NA,TRUE,FALSE
"14",13:31:06,"FALSE",NA,"start",FALSE,FALSE
"14",13:32:05,"FALSE","start","stop",FALSE,FALSE
"14",13:33:42,"FALSE","stop","start",FALSE,FALSE
"14",13:34:50,"FALSE","start","stop",FALSE,FALSE
"14",13:35:11,"FALSE",NA,"start",FALSE,FALSE
"14",13:35:45,"FALSE",NA,NA,FALSE,FALSE
"14",13:40:58,"FALSE","start","stop",FALSE,FALSE
"14",13:45:00,"FALSE","start",NA,FALSE,FALSE
"14",13:46:54,"FALSE","stop",NA,TRUE,FALSE
"14",13:47:30,"FALSE","start",NA,FALSE,FALSE
"14",13:47:59,"FALSE","stop",NA,TRUE,FALSE
"14",13:48:52,"FALSE","start",NA,FALSE,FALSE
"14",13:50:26,"FALSE","stop","start",FALSE,FALSE
"14",13:51:31,"FALSE",NA,"stop",TRUE,FALSE
"14",13:52:11,"FALSE","start",NA,FALSE,FALSE
"14",13:53:01,"FALSE","stop",NA,TRUE,FALSE
"14",13:53:31,"FALSE","start",NA,FALSE,FALSE
"14",13:53:58,"FALSE","start","start",FALSE,FALSE
"14",14:02:22,"FALSE",NA,"stop",TRUE,FALSE
"14",14:02:52,"FALSE","start",NA,FALSE,FALSE
"14",14:04:03,"FALSE",NA,NA,FALSE,FALSE
"14",14:05:08,"FALSE","start","start",FALSE,FALSE
"14",14:06:08,"FALSE","start","stop",FALSE,FALSE
"14",14:06:34,"FALSE","start",NA,FALSE,FALSE
"14",14:07:48,"FALSE","start",NA,FALSE,FALSE
"14",14:08:14,"FALSE","start",NA,FALSE,FALSE
"14",14:09:46,"FALSE","start",NA,FALSE,FALSE
"14",14:13:12,"FALSE","start",NA,FALSE,FALSE
"14",14:14:14,"FALSE","stop",NA,FALSE,TRUE
"14",14:14:58,"FALSE","start",NA,FALSE,FALSE
"14",14:18:07,"FALSE","stop",NA,TRUE,FALSE
"14",14:18:27,"FALSE","start",NA,FALSE,FALSE
"14",14:21:20,"FALSE",NA,NA,TRUE,FALSE
"14",14:22:26,"FALSE",NA,NA,TRUE,FALSE
"14",14:40:21,"FALSE",NA,NA,FALSE,FALSE
"14",14:41:57,"FALSE",NA,NA,FALSE,FALSE
"14",14:48:41,"FALSE","start",NA,FALSE,FALSE
"14",14:51:12,"FALSE",NA,NA,TRUE,FALSE
"14",15:16:37,"FALSE",NA,NA,FALSE,FALSE
"14",15:24:36,"FALSE","start",NA,TRUE,FALSE
"14",15:32:28,"TRUE",NA,NA,FALSE,TRUE
"14",15:33:39,"FALSE",NA,NA,TRUE,FALSE
"14",15:34:07,"FALSE","start",NA,FALSE,FALSE
"14",15:41:38,"FALSE",NA,NA,FALSE,FALSE
"14",15:43:05,"FALSE",NA,NA,FALSE,FALSE
"14",15:46:19,"FALSE",NA,NA,FALSE,FALSE
"14",15:49:50,"FALSE",NA,NA,FALSE,FALSE
"14",15:50:16,"FALSE",NA,NA,FALSE,FALSE
"14",15:51:56,"FALSE",NA,NA,FALSE,FALSE
"14",15:53:43,"FALSE",NA,NA,TRUE,FALSE
"14",15:54:01,"FALSE",NA,NA,FALSE,FALSE
"14",15:55:23,"FALSE",NA,NA,FALSE,FALSE
"14",15:57:24,"FALSE","stop",NA,FALSE,FALSE
"15",12:38:40,"FALSE","start",NA,FALSE,FALSE
"15",12:43:31,"FALSE",NA,NA,FALSE,FALSE
"15",12:48:22,"FALSE",NA,NA,FALSE,FALSE
"15",12:54:26,"FALSE",NA,NA,FALSE,FALSE
"15",12:58:42,"FALSE","stop",NA,TRUE,FALSE
"15",12:59:34,"FALSE",NA,"start",FALSE,TRUE
"15",13:04:06,"FALSE",NA,NA,FALSE,FALSE
"15",13:32:47,"FALSE",NA,NA,FALSE,FALSE
"15",13:43:26,"FALSE",NA,NA,FALSE,FALSE
"15",13:55:13,"FALSE",NA,NA,FALSE,FALSE
"15",13:58:03,"FALSE",NA,"stop",TRUE,FALSE
"15",13:59:29,"FALSE","start",NA,FALSE,FALSE
"15",14:00:18,"FALSE",NA,NA,FALSE,FALSE
"15",14:00:47,"FALSE",NA,NA,TRUE,FALSE
"15",14:01:35,"FALSE",NA,NA,FALSE,FALSE
"15",14:03:20,"FALSE","stop",NA,TRUE,FALSE
"15",14:03:51,"TRUE","start",NA,FALSE,FALSE
"15",14:04:39,"FALSE",NA,NA,FALSE,FALSE
"15",14:05:45,"FALSE","stop",NA,TRUE,FALSE
"15",14:06:19,"FALSE","start",NA,FALSE,FALSE
"15",14:24:26,"FALSE",NA,NA,FALSE,FALSE
"15",14:27:47,"FALSE","stop",NA,FALSE,FALSE
"16",10:46:31,"FALSE","start",NA,FALSE,FALSE
"16",10:55:37,"FALSE",NA,NA,FALSE,FALSE
"16",11:04:41,"FALSE",NA,NA,FALSE,FALSE
"16",11:04:52,"FALSE",NA,NA,FALSE,FALSE
"16",11:08:21,"TRUE","stop",NA,FALSE,FALSE
"16",11:09:06,"FALSE","start",NA,FALSE,FALSE
"16",11:10:15,"TRUE","stop",NA,FALSE,FALSE
"16",11:11:46,"FALSE","start",NA,FALSE,FALSE
"16",11:12:43,"FALSE",NA,NA,FALSE,FALSE
"16",11:13:12,"FALSE",NA,NA,FALSE,FALSE
"16",11:20:09,"FALSE","start",NA,FALSE,TRUE
"16",11:20:39,"FALSE",NA,"start",FALSE,FALSE
"16",11:20:54,"FALSE","start","stop",FALSE,FALSE
"16",11:24:35,"FALSE",NA,NA,FALSE,FALSE
"16",11:26:09,"TRUE","stop",NA,FALSE,FALSE
"16",11:30:02,"FALSE","start",NA,FALSE,FALSE
"16",11:33:32,"FALSE","start",NA,FALSE,FALSE
"16",11:35:17,"FALSE","start",NA,FALSE,FALSE
"16",11:41:15,"FALSE","stop",NA,FALSE,FALSE
"16",11:42:29,"FALSE",NA,NA,TRUE,FALSE
"16",11:42:55,"FALSE","start",NA,FALSE,FALSE
"16",11:43:21,"FALSE","stop","start",FALSE,FALSE
"16",11:44:00,"FALSE","start","stop",FALSE,FALSE
"16",11:44:11,"FALSE","start",NA,FALSE,FALSE
"16",11:44:42,"FALSE",NA,NA,FALSE,FALSE
"16",11:45:05,"FALSE","start",NA,FALSE,FALSE
"16",11:46:31,"FALSE","stop",NA,FALSE,FALSE
"16",11:48:20,"FALSE","start",NA,FALSE,FALSE
"16",11:59:46,"FALSE","stop","start",FALSE,FALSE
"16",12:00:39,"FALSE","start","stop",FALSE,FALSE
"16",12:01:07,"FALSE",NA,NA,FALSE,FALSE
"16",12:01:33,"FALSE","stop",NA,TRUE,FALSE
"16",12:01:44,"FALSE","start",NA,TRUE,FALSE
"16",12:03:01,"FALSE","stop",NA,TRUE,FALSE
"16",12:03:20,"FALSE","start",NA,FALSE,FALSE
"16",12:03:32,"FALSE","start",NA,FALSE,FALSE
"16",12:04:16,"FALSE","stop","start",FALSE,FALSE
"16",12:04:51,"FALSE",NA,NA,FALSE,FALSE
"16",12:05:22,"FALSE",NA,NA,FALSE,FALSE
"16",12:06:09,"FALSE",NA,NA,FALSE,FALSE
"16",12:07:36,"FALSE","start","stop",FALSE,FALSE
"16",12:09:18,"FALSE",NA,NA,TRUE,FALSE
"16",12:11:07,"FALSE","start",NA,FALSE,FALSE
"16",12:13:41,"FALSE","stop","start",FALSE,FALSE
"16",12:18:34,"FALSE","start","stop",FALSE,FALSE
"16",12:22:39,"FALSE",NA,NA,FALSE,FALSE
"16",12:23:26,"FALSE",NA,NA,TRUE,FALSE
"16",12:24:12,"FALSE",NA,NA,FALSE,FALSE
"16",12:26:10,"FALSE","start",NA,FALSE,TRUE
"16",12:28:11,"FALSE",NA,NA,FALSE,FALSE
"16",12:29:57,"FALSE","stop",NA,TRUE,FALSE
"16",12:31:21,"FALSE",NA,NA,FALSE,FALSE
"16",12:33:47,"FALSE",NA,NA,TRUE,FALSE
"16",12:35:18,"FALSE","start",NA,FALSE,FALSE
"16",12:36:07,"FALSE","stop",NA,TRUE,FALSE
"16",12:37:05,"FALSE","start",NA,FALSE,FALSE
"16",12:37:29,"FALSE","stop","start",FALSE,FALSE
"16",12:38:11,"FALSE","start","stop",FALSE,FALSE
"16",12:39:45,"FALSE","stop","start",FALSE,FALSE
"16",12:41:07,"FALSE","start","stop",FALSE,FALSE
"16",12:42:28,"FALSE","stop","start",FALSE,FALSE
"16",12:45:03,"FALSE","start","stop",FALSE,FALSE
"16",12:46:31,"FALSE","stop","start",FALSE,FALSE
"16",12:48:15,"FALSE",NA,NA,FALSE,FALSE
"16",12:48:57,"FALSE","start","stop",FALSE,FALSE
"16",12:54:20,"FALSE","stop","start",FALSE,FALSE
"16",12:55:49,"FALSE","start","stop",FALSE,FALSE
"16",12:56:35,"FALSE","stop","start",FALSE,FALSE
"16",12:57:06,"FALSE","start","stop",FALSE,FALSE
"16",12:58:02,"FALSE",NA,NA,FALSE,FALSE
"16",12:59:12,"FALSE","stop","start",FALSE,FALSE
"16",13:01:10,"FALSE","start",NA,FALSE,FALSE
"16",13:03:26,"FALSE",NA,NA,FALSE,FALSE
"16",13:03:52,"FALSE",NA,"stop",FALSE,FALSE
"16",13:04:10,"FALSE",NA,"start",FALSE,FALSE
"16",13:04:34,"FALSE",NA,NA,FALSE,FALSE
"16",13:07:15,"FALSE",NA,"stop",TRUE,FALSE
"16",13:07:28,"FALSE","start",NA,FALSE,FALSE
"16",13:08:14,"FALSE","stop","start",FALSE,FALSE
"16",13:09:00,"FALSE",NA,NA,FALSE,FALSE
"16",13:09:54,"FALSE","start","stop",FALSE,FALSE
"16",13:12:15,"FALSE","stop","start",FALSE,FALSE
"16",13:13:33,"FALSE","start","stop",FALSE,FALSE
"16",13:16:33,"FALSE","stop",NA,TRUE,FALSE
"16",13:17:20,"FALSE","start",NA,FALSE,FALSE
"16",13:17:38,"FALSE","stop",NA,TRUE,FALSE
"16",13:18:04,"FALSE","start",NA,FALSE,FALSE
"16",13:19:30,"FALSE","stop",NA,FALSE,FALSE
"16",13:20:01,"FALSE","start",NA,FALSE,FALSE
"16",13:20:42,"FALSE","stop","start",FALSE,FALSE
"16",13:22:18,"FALSE","start","stop",FALSE,FALSE
"16",13:24:49,"FALSE","stop","start",FALSE,FALSE
"16",13:26:58,"FALSE","start","stop",FALSE,FALSE
"16",13:27:21,"FALSE",NA,"start",FALSE,FALSE
"16",13:28:03,"FALSE","start","stop",FALSE,FALSE
"16",13:29:24,"FALSE","stop","start",FALSE,FALSE
"16",13:29:48,"FALSE",NA,NA,FALSE,FALSE
"16",13:32:12,"FALSE","start","stop",FALSE,FALSE
"16",13:36:58,"FALSE","stop","start",FALSE,FALSE
"16",13:37:38,"FALSE","start","stop",FALSE,FALSE
"16",13:39:14,"FALSE","stop","start",FALSE,FALSE
"16",13:39:36,"FALSE","start","stop",FALSE,FALSE
"16",13:42:17,"FALSE","stop","start",FALSE,FALSE
"16",13:42:54,"FALSE",NA,NA,FALSE,FALSE
"16",13:44:41,"FALSE","start","stop",FALSE,FALSE
"16",13:47:18,"FALSE","stop",NA,TRUE,FALSE
"16",13:48:08,"FALSE",NA,NA,TRUE,FALSE
"16",13:50:06,"FALSE",NA,NA,FALSE,TRUE
"16",13:50:31,"FALSE","start",NA,FALSE,FALSE
"16",13:55:37,"FALSE","stop",NA,FALSE,FALSE
"16",13:56:57,"FALSE","start",NA,FALSE,FALSE
"16",13:59:18,"FALSE","stop","start",FALSE,FALSE
"16",14:00:07,"FALSE","start","stop",FALSE,FALSE
"16",14:03:15,"FALSE","stop",NA,FALSE,FALSE
"16",14:07:38,"TRUE",NA,NA,FALSE,FALSE
"16",14:10:46,"TRUE",NA,NA,FALSE,FALSE
"16",14:26:04,"FALSE",NA,NA,TRUE,FALSE
"16",14:27:05,"FALSE","start",NA,FALSE,FALSE
"16",14:31:19,"FALSE","stop","start",FALSE,FALSE
"16",14:32:44,"FALSE",NA,NA,FALSE,FALSE
"16",14:34:04,"FALSE","start","stop",FALSE,FALSE
"16",14:36:13,"FALSE",NA,"start",FALSE,FALSE
"16",14:38:55,"FALSE","stop","stop",FALSE,FALSE
"16",14:39:54,"FALSE","start",NA,FALSE,FALSE
"16",14:41:03,"FALSE","stop",NA,FALSE,FALSE
"16",14:42:13,"FALSE","start",NA,FALSE,FALSE
"16",14:46:48,"FALSE","start",NA,FALSE,FALSE
"16",14:52:20,"FALSE","stop",NA,FALSE,FALSE
"16",14:56:06,"FALSE",NA,NA,FALSE,TRUE
"16",14:57:16,"FALSE","start",NA,FALSE,FALSE
"16",14:57:46,"FALSE","stop",NA,FALSE,FALSE
"16",15:00:13,"TRUE",NA,NA,TRUE,FALSE
"16",15:01:29,"FALSE",NA,NA,FALSE,TRUE
"16",15:02:34,"FALSE","start",NA,FALSE,FALSE
"16",15:03:05,"FALSE","stop","start",FALSE,FALSE
"16",15:04:33,"FALSE","start","stop",FALSE,FALSE
"16",15:08:42,"FALSE","start",NA,FALSE,FALSE
"16",15:09:39,"FALSE",NA,"start",FALSE,FALSE
"16",15:13:32,"FALSE",NA,"stop",TRUE,FALSE
"16",15:14:00,"FALSE","start",NA,FALSE,FALSE
"16",15:22:11,"FALSE","stop","start",FALSE,FALSE
"16",15:23:30,"FALSE","start","stop",FALSE,FALSE
"16",15:27:28,"FALSE","stop","start",FALSE,FALSE
"16",15:28:29,"FALSE","start","stop",FALSE,FALSE
"16",15:30:43,"FALSE","start",NA,FALSE,FALSE
"16",15:30:56,"FALSE",NA,"start",FALSE,FALSE
"16",15:31:28,"FALSE",NA,NA,FALSE,FALSE
"16",15:33:26,"FALSE","start","stop",FALSE,FALSE
"16",15:39:26,"FALSE",NA,NA,FALSE,TRUE
"16",15:44:28,"FALSE","stop",NA,TRUE,FALSE
"16",15:45:10,"FALSE","start",NA,FALSE,FALSE
"16",15:45:49,"FALSE","stop","start",FALSE,FALSE
"16",15:46:07,"FALSE",NA,NA,FALSE,FALSE
"16",15:46:53,"FALSE","start","stop",FALSE,FALSE
"16",15:48:08,"FALSE","stop","start",FALSE,FALSE
"16",15:48:42,"FALSE",NA,NA,FALSE,FALSE
"16",15:51:10,"FALSE",NA,NA,TRUE,FALSE
"16",15:53:18,"FALSE",NA,NA,FALSE,FALSE
"16",15:54:27,"FALSE",NA,NA,FALSE,FALSE
"16",15:55:31,"FALSE","start","stop",FALSE,FALSE
"16",15:56:25,"FALSE","stop","start",FALSE,FALSE
"16",16:00:05,"FALSE","start","stop",FALSE,FALSE
"16",16:01:38,"FALSE","stop",NA,TRUE,FALSE
"16",16:05:39,"FALSE",NA,NA,TRUE,FALSE
"16",16:07:39,"FALSE","start",NA,FALSE,FALSE
"16",16:10:09,"FALSE","stop",NA,FALSE,FALSE
"16",16:10:37,"FALSE",NA,NA,TRUE,FALSE
"16",16:10:56,"FALSE","start",NA,FALSE,FALSE
"16",16:11:32,"FALSE","stop",NA,TRUE,FALSE
"16",16:12:44,"FALSE","start",NA,FALSE,FALSE
"16",16:13:49,"FALSE",NA,"start",FALSE,FALSE
"16",16:15:01,"FALSE",NA,NA,FALSE,FALSE
"16",16:16:55,"FALSE","start","stop",FALSE,FALSE
"16",16:18:24,"FALSE","stop","start",FALSE,FALSE
"16",16:18:55,"FALSE","start",NA,FALSE,FALSE
"16",16:20:40,"FALSE",NA,NA,FALSE,FALSE
"16",16:21:30,"FALSE","start",NA,FALSE,FALSE
"16",16:22:24,"FALSE","stop",NA,TRUE,FALSE
"16",16:23:36,"FALSE","start",NA,FALSE,FALSE
"16",16:25:50,"FALSE","stop",NA,FALSE,TRUE
"16",16:26:20,"FALSE","start",NA,FALSE,FALSE
"16",16:27:04,"FALSE","stop",NA,TRUE,FALSE
"16",16:28:00,"FALSE",NA,NA,FALSE,FALSE
"16",16:31:03,"FALSE","start",NA,FALSE,FALSE
"16",16:36:17,"FALSE",NA,NA,FALSE,TRUE
"16",16:42:33,"FALSE",NA,NA,FALSE,FALSE
"16",16:45:52,"FALSE",NA,NA,FALSE,FALSE
"16",16:58:11,"FALSE","stop",NA,TRUE,FALSE
"16",16:59:58,"FALSE","start",NA,FALSE,FALSE
"16",17:06:04,"FALSE",NA,"stop",FALSE,FALSE
"16",17:27:22,"FALSE",NA,NA,FALSE,FALSE
"16",17:32:37,"FALSE","stop",NA,FALSE,FALSE
"17",09:14:32,"FALSE","start",NA,FALSE,FALSE
"17",09:16:13,"FALSE",NA,NA,FALSE,FALSE
"17",09:18:24,"FALSE","stop",NA,FALSE,FALSE
"17",09:19:21,"TRUE",NA,NA,FALSE,FALSE
"17",09:22:07,"FALSE",NA,NA,FALSE,FALSE
"17",09:22:12,"FALSE","start",NA,FALSE,FALSE
"17",09:35:50,"FALSE","stop",NA,FALSE,FALSE
"17",09:37:36,"FALSE","start",NA,FALSE,FALSE
"17",09:38:04,"FALSE",NA,NA,FALSE,FALSE
"17",09:41:06,"FALSE",NA,NA,FALSE,FALSE
"17",09:41:49,"FALSE","stop","start",FALSE,FALSE
"17",09:44:06,"FALSE","start","stop",FALSE,FALSE
"17",09:46:49,"FALSE",NA,NA,FALSE,FALSE
"17",09:47:11,"FALSE",NA,NA,FALSE,FALSE
"17",09:47:15,"FALSE",NA,NA,FALSE,FALSE
"17",09:49:22,"FALSE",NA,NA,FALSE,FALSE
"17",09:50:14,"FALSE",NA,NA,FALSE,FALSE
"17",09:50:57,"FALSE",NA,NA,FALSE,FALSE
"17",09:51:13,"FALSE",NA,NA,FALSE,FALSE
"17",09:52:08,"FALSE",NA,NA,FALSE,FALSE
"17",09:52:17,"FALSE",NA,NA,FALSE,FALSE
"17",09:54:17,"FALSE",NA,NA,FALSE,FALSE
"17",09:54:24,"FALSE",NA,NA,FALSE,FALSE
"17",09:54:43,"FALSE",NA,NA,FALSE,FALSE
"17",09:56:22,"FALSE",NA,NA,FALSE,FALSE
"17",10:00:42,"FALSE",NA,NA,FALSE,FALSE
"17",10:03:13,"TRUE","stop",NA,FALSE,FALSE
"17",10:04:14,"FALSE","start",NA,FALSE,FALSE
"17",10:06:20,"FALSE",NA,NA,FALSE,FALSE
"17",10:09:49,"FALSE","stop",NA,FALSE,FALSE
"17",10:10:32,"FALSE","start",NA,FALSE,FALSE
"17",10:16:31,"FALSE","stop",NA,TRUE,FALSE
"17",10:17:04,"FALSE","start",NA,FALSE,FALSE
"17",10:17:29,"FALSE","start",NA,FALSE,FALSE
"17",10:18:13,"FALSE",NA,"start",FALSE,FALSE
"17",10:20:48,"FALSE","start","stop",FALSE,FALSE
"17",10:21:50,"FALSE",NA,"start",FALSE,FALSE
"17",10:25:32,"FALSE","start","stop",FALSE,FALSE
"17",10:28:00,"FALSE","stop","start",FALSE,FALSE
"17",10:28:42,"FALSE",NA,NA,FALSE,FALSE
"17",10:33:03,"FALSE","start","stop",FALSE,FALSE
"17",10:34:52,"FALSE","start",NA,FALSE,FALSE
"17",10:36:00,"FALSE","stop","start",FALSE,FALSE
"17",10:36:43,"FALSE","start","stop",FALSE,FALSE
"17",10:37:44,"FALSE","stop","start",FALSE,FALSE
"17",10:40:27,"FALSE","start","stop",FALSE,FALSE
"17",10:42:25,"FALSE","start",NA,FALSE,FALSE
"17",10:43:01,"FALSE","stop","start",FALSE,FALSE
"17",10:44:12,"FALSE",NA,NA,FALSE,FALSE
"17",10:45:59,"FALSE","start","stop",FALSE,FALSE
"17",10:46:39,"FALSE","start",NA,FALSE,FALSE
"17",10:48:10,"FALSE","stop","start",FALSE,FALSE
"17",10:49:04,"FALSE","start","stop",FALSE,FALSE
"17",10:50:02,"FALSE",NA,NA,FALSE,FALSE
"17",10:51:14,"FALSE","stop","start",FALSE,FALSE
"17",11:03:33,"FALSE","start","stop",FALSE,FALSE
"17",11:04:51,"FALSE",NA,NA,TRUE,FALSE
"17",11:05:03,"TRUE","stop",NA,FALSE,TRUE
"17",11:11:50,"FALSE",NA,NA,FALSE,FALSE
"17",11:16:23,"FALSE",NA,NA,FALSE,FALSE
"17",11:18:13,"FALSE","start",NA,FALSE,FALSE
"17",11:20:52,"FALSE","stop",NA,TRUE,FALSE
"17",11:24:13,"FALSE","start",NA,FALSE,FALSE
"17",11:28:54,"FALSE","start",NA,FALSE,FALSE
"17",11:29:59,"FALSE","start",NA,FALSE,FALSE
"17",11:30:19,"FALSE",NA,"start",FALSE,FALSE
"17",11:36:21,"FALSE","start","stop",FALSE,FALSE
"17",11:37:38,"FALSE","stop","start",FALSE,FALSE
"17",11:37:58,"FALSE",NA,NA,FALSE,FALSE
"17",11:41:42,"FALSE","start","stop",FALSE,FALSE
"17",11:42:34,"FALSE","stop","start",FALSE,FALSE
"17",11:43:15,"FALSE","start","stop",FALSE,FALSE
"17",11:44:17,"FALSE","stop","start",FALSE,FALSE
"17",11:45:36,"FALSE","start","stop",FALSE,FALSE
"17",11:47:00,"FALSE","stop","start",FALSE,FALSE
"17",11:47:16,"FALSE",NA,NA,FALSE,FALSE
"17",11:48:14,"FALSE","start","stop",FALSE,FALSE
"17",11:48:32,"FALSE","stop","start",FALSE,FALSE
"17",11:49:26,"FALSE",NA,NA,FALSE,FALSE
"17",11:51:25,"FALSE","start","stop",FALSE,FALSE
"17",11:55:51,"FALSE","stop","start",FALSE,FALSE
"17",11:56:06,"FALSE","start","stop",FALSE,FALSE
"17",11:57:07,"FALSE",NA,NA,FALSE,FALSE
"17",11:59:32,"FALSE","stop","start",FALSE,FALSE
"17",12:01:46,"FALSE","start","stop",FALSE,FALSE
"17",12:05:06,"FALSE","stop","start",FALSE,FALSE
"17",12:06:06,"FALSE","start","stop",FALSE,FALSE
"17",12:08:17,"FALSE","stop",NA,TRUE,FALSE
"17",12:08:52,"TRUE",NA,NA,FALSE,TRUE
"17",12:13:46,"TRUE",NA,NA,FALSE,FALSE
"17",12:34:22,"TRUE",NA,NA,FALSE,FALSE
"17",12:56:24,"TRUE",NA,NA,FALSE,FALSE
"17",12:58:34,"FALSE","start",NA,FALSE,FALSE
"17",12:59:21,"FALSE","start",NA,FALSE,FALSE
"17",13:00:07,"FALSE",NA,"start",FALSE,FALSE
"17",13:08:02,"FALSE","start","stop",FALSE,FALSE
"17",13:08:52,"FALSE","stop","start",FALSE,FALSE
"17",13:12:52,"FALSE","start","stop",FALSE,FALSE
"17",13:13:26,"FALSE","stop","start",FALSE,FALSE
"17",13:17:43,"FALSE","start","stop",FALSE,FALSE
"17",13:18:00,"FALSE","stop","start",FALSE,FALSE
"17",13:21:18,"FALSE","start","stop",FALSE,FALSE
"17",13:22:57,"FALSE","stop","start",FALSE,FALSE
"17",13:24:39,"FALSE","start","stop",FALSE,FALSE
"17",13:25:49,"FALSE","stop","start",FALSE,FALSE
"17",13:30:21,"FALSE","start","stop",FALSE,FALSE
"17",13:31:03,"FALSE","stop","start",FALSE,FALSE
"17",13:31:21,"FALSE","start","stop",FALSE,FALSE
"17",13:42:58,"FALSE","stop","start",FALSE,FALSE
"17",13:44:39,"FALSE","start","stop",FALSE,FALSE
"17",13:45:22,"FALSE",NA,"start",FALSE,FALSE
"17",13:50:49,"FALSE","start","stop",FALSE,FALSE
"17",13:54:21,"FALSE","stop","start",FALSE,FALSE
"17",13:56:33,"FALSE","start","stop",FALSE,FALSE
"17",14:06:36,"FALSE","start",NA,TRUE,FALSE
"17",14:07:33,"FALSE","stop",NA,TRUE,FALSE
"17",14:08:19,"TRUE",NA,NA,FALSE,TRUE
"17",14:10:05,"TRUE",NA,NA,FALSE,FALSE
"17",14:13:53,"TRUE",NA,NA,FALSE,FALSE
"17",14:18:32,"FALSE",NA,NA,FALSE,FALSE
"17",14:20:28,"FALSE","start",NA,FALSE,FALSE
"17",14:21:20,"FALSE","stop","start",FALSE,FALSE
"17",14:25:06,"FALSE",NA,"stop",TRUE,FALSE
"17",14:25:39,"FALSE","start",NA,FALSE,FALSE
"17",14:26:17,"FALSE","stop","start",FALSE,FALSE
"17",14:31:20,"FALSE","start","stop",FALSE,FALSE
"17",14:33:46,"FALSE","stop","start",FALSE,FALSE
"17",14:40:48,"FALSE","start","stop",TRUE,FALSE
"17",14:42:12,"FALSE","stop",NA,FALSE,FALSE
"17",14:44:13,"FALSE","start",NA,FALSE,FALSE
"17",14:48:40,"FALSE","stop",NA,FALSE,FALSE
"17",14:49:21,"FALSE",NA,NA,FALSE,TRUE
"17",14:50:01,"FALSE",NA,NA,FALSE,FALSE
"17",14:56:31,"FALSE","start",NA,FALSE,FALSE
"17",14:57:28,"FALSE",NA,NA,FALSE,FALSE
"17",14:58:52,"FALSE","start",NA,FALSE,FALSE
"17",15:01:52,"FALSE","start",NA,FALSE,FALSE
"17",15:15:50,"FALSE",NA,NA,FALSE,FALSE
"17",15:16:43,"FALSE",NA,NA,FALSE,FALSE
"17",15:20:17,"FALSE",NA,NA,FALSE,FALSE
"17",15:20:45,"FALSE","stop",NA,FALSE,FALSE
"17",15:25:59,"FALSE",NA,NA,FALSE,FALSE
"17",15:38:39,"FALSE",NA,NA,FALSE,FALSE
"17",15:47:21,"FALSE","stop",NA,FALSE,FALSE
"18",10:41:14,"FALSE","start",NA,FALSE,FALSE
"18",10:42:41,"FALSE",NA,NA,FALSE,FALSE
"18",10:59:26,"FALSE","stop",NA,TRUE,FALSE
"18",10:59:38,"FALSE","start",NA,FALSE,FALSE
"18",11:16:20,"FALSE",NA,NA,FALSE,FALSE
"18",11:19:09,"FALSE",NA,NA,FALSE,FALSE
"18",11:20:42,"FALSE",NA,NA,FALSE,FALSE
"18",11:22:21,"FALSE",NA,NA,FALSE,FALSE
"18",11:31:37,"FALSE",NA,NA,FALSE,FALSE
"18",11:32:42,"FALSE",NA,NA,FALSE,FALSE
"18",11:34:34,"FALSE",NA,NA,FALSE,FALSE
"18",11:35:41,"FALSE",NA,NA,FALSE,TRUE
"18",11:37:11,"FALSE","stop",NA,FALSE,FALSE
"18",11:38:23,"FALSE","start",NA,FALSE,FALSE
"18",11:38:50,"FALSE","start",NA,FALSE,FALSE
"18",11:41:41,"FALSE","stop","start",FALSE,FALSE
"18",11:44:40,"FALSE","start","stop",FALSE,FALSE
"18",11:46:24,"FALSE","start",NA,FALSE,FALSE
"18",11:46:49,"TRUE","stop",NA,FALSE,FALSE
"18",11:49:02,"FALSE","start",NA,FALSE,FALSE
"18",11:53:54,"FALSE","stop","start",FALSE,FALSE
"18",11:54:24,"FALSE",NA,NA,FALSE,FALSE
"18",11:57:59,"FALSE",NA,NA,FALSE,FALSE
"18",11:59:09,"FALSE","start","stop",FALSE,FALSE
"18",12:02:03,"FALSE","start",NA,FALSE,FALSE
"18",12:03:06,"FALSE","start",NA,FALSE,FALSE
"18",12:03:37,"FALSE","stop","start",FALSE,FALSE
"18",12:05:46,"FALSE","start","stop",FALSE,FALSE
"18",12:12:54,"FALSE",NA,NA,FALSE,FALSE
"18",12:14:53,"FALSE","stop","start",FALSE,FALSE
"18",12:15:06,"FALSE","start","stop",FALSE,FALSE
"18",12:16:43,"TRUE","stop",NA,FALSE,FALSE
"18",12:17:37,"FALSE","start",NA,FALSE,FALSE
"18",12:18:53,"FALSE","stop",NA,FALSE,FALSE
"18",12:19:26,"FALSE","start",NA,FALSE,FALSE
"18",12:21:37,"FALSE","stop",NA,FALSE,FALSE
"18",12:22:20,"FALSE","start",NA,FALSE,FALSE
"18",12:32:56,"FALSE","stop","start",FALSE,FALSE
"18",12:33:42,"FALSE","start","stop",FALSE,FALSE
"18",12:40:03,"FALSE","stop","start",FALSE,FALSE
"18",12:41:44,"FALSE",NA,NA,FALSE,FALSE
"18",12:42:29,"FALSE","start","stop",FALSE,FALSE
"18",13:04:38,"FALSE",NA,NA,FALSE,TRUE
"18",13:05:43,"FALSE","start",NA,FALSE,FALSE
"18",13:06:10,"TRUE",NA,NA,FALSE,FALSE
"18",13:16:56,"FALSE",NA,NA,FALSE,FALSE
"18",13:22:25,"FALSE","start",NA,FALSE,FALSE
"18",13:36:04,"FALSE","stop",NA,TRUE,FALSE
"18",13:37:23,"FALSE",NA,NA,FALSE,TRUE
"18",13:40:43,"FALSE","start",NA,FALSE,FALSE
"18",13:42:26,"FALSE","stop","start",FALSE,FALSE
"18",13:43:48,"FALSE","start","stop",FALSE,FALSE
"18",13:47:25,"FALSE","stop","start",FALSE,FALSE
"18",13:47:54,"FALSE",NA,NA,FALSE,FALSE
"18",13:52:57,"FALSE","start","stop",FALSE,FALSE
"18",13:54:58,"FALSE","stop","start",FALSE,FALSE
"18",13:55:24,"FALSE","start","stop",FALSE,FALSE
"18",14:00:12,"FALSE","start",NA,FALSE,FALSE
"18",14:00:38,"FALSE","stop",NA,FALSE,FALSE
"18",14:03:15,"FALSE","start",NA,FALSE,FALSE
"18",14:04:48,"FALSE","stop",NA,TRUE,FALSE
"18",14:05:25,"FALSE","start",NA,FALSE,FALSE
"18",14:08:26,"FALSE","stop","start",FALSE,FALSE
"18",14:11:54,"FALSE",NA,"stop",TRUE,FALSE
"18",14:12:41,"FALSE","start",NA,FALSE,FALSE
"18",14:14:14,"FALSE","start",NA,FALSE,FALSE
"18",14:16:12,"FALSE","stop","start",FALSE,FALSE
"18",14:16:24,"FALSE",NA,NA,FALSE,FALSE
"18",14:19:14,"FALSE","start","stop",FALSE,FALSE
"18",14:20:13,"FALSE","stop","start",FALSE,FALSE
"18",14:23:33,"FALSE","start","stop",FALSE,FALSE
"18",14:28:13,"FALSE","stop","start",FALSE,FALSE
"18",14:29:47,"FALSE",NA,"stop",TRUE,FALSE
"18",14:30:40,"FALSE","start",NA,FALSE,FALSE
"18",14:30:56,"FALSE",NA,NA,FALSE,FALSE
"18",14:31:02,"FALSE",NA,NA,FALSE,FALSE
"18",14:32:43,"FALSE","start",NA,FALSE,FALSE
"18",14:36:47,"FALSE","stop","start",FALSE,FALSE
"18",14:37:20,"FALSE","start",NA,FALSE,FALSE
"18",14:38:28,"FALSE","start",NA,FALSE,FALSE
"18",14:38:55,"FALSE","stop",NA,FALSE,FALSE
"18",14:40:08,"FALSE",NA,NA,FALSE,FALSE
"18",14:45:50,"FALSE",NA,"stop",TRUE,FALSE
"18",14:46:08,"FALSE","start",NA,FALSE,FALSE
"18",14:48:29,"FALSE","stop",NA,FALSE,FALSE
"18",14:48:47,"FALSE",NA,NA,TRUE,FALSE
"18",14:49:20,"FALSE","start",NA,FALSE,FALSE
"18",14:57:25,"FALSE",NA,NA,FALSE,FALSE
"18",15:00:15,"FALSE",NA,NA,FALSE,FALSE
"18",15:02:00,"FALSE",NA,NA,FALSE,TRUE
"18",15:07:08,"FALSE",NA,NA,FALSE,FALSE
"18",15:14:10,"FALSE","stop",NA,TRUE,FALSE
"18",15:14:46,"TRUE",NA,NA,FALSE,FALSE
"18",15:20:00,"TRUE",NA,NA,FALSE,FALSE
"18",15:34:38,"TRUE",NA,NA,FALSE,FALSE
"18",15:37:55,"TRUE",NA,NA,FALSE,FALSE
"18",16:01:08,"TRUE",NA,NA,FALSE,TRUE
"18",16:02:25,"TRUE",NA,NA,FALSE,FALSE
"18",16:04:29,"TRUE",NA,NA,FALSE,TRUE
"18",16:13:43,"FALSE",NA,NA,FALSE,FALSE
"18",16:17:44,"FALSE",NA,NA,TRUE,FALSE
"18",16:18:36,"FALSE","start",NA,FALSE,FALSE
"18",16:23:11,"FALSE","stop",NA,FALSE,FALSE
"18",16:24:12,"FALSE","start",NA,FALSE,FALSE
"18",16:27:07,"FALSE",NA,NA,FALSE,FALSE
"18",16:28:48,"FALSE","stop",NA,FALSE,FALSE
"18",16:30:13,"FALSE",NA,NA,TRUE,FALSE
"18",16:30:46,"FALSE",NA,NA,FALSE,FALSE
"18",16:31:16,"FALSE","start",NA,FALSE,FALSE
"18",16:37:09,"FALSE",NA,NA,FALSE,FALSE
"18",16:39:17,"FALSE","stop",NA,FALSE,FALSE
"18",16:40:28,"FALSE",NA,NA,FALSE,FALSE
"18",16:43:31,"FALSE",NA,NA,FALSE,FALSE
"18",16:44:34,"FALSE",NA,NA,FALSE,FALSE
"18",16:48:27,"FALSE",NA,NA,FALSE,FALSE
"18",16:49:40,"FALSE",NA,NA,FALSE,FALSE
"18",17:01:49,"FALSE","start",NA,FALSE,FALSE
"18",17:04:45,"FALSE",NA,NA,FALSE,FALSE
"18",17:27:25,"FALSE","stop",NA,FALSE,FALSE
